Concept,Vision,Bright,Dark,Color,Pattern,Large,Small,Motion,Biomotion,Fast,Slow,Shape,Complexity,Face,Body,Touch,Hot,Cold,Smooth,Rough,Light,Heavy,Pain,Audition,Loud,Low,High,Sound,Music,Speech,Taste,Smell,Head,UpperLimb,LowerLimb,Practice,Landmark,Path,Scene,Near,Toward,Away,Number,Time,Duration,Long,Short,Caused,Consequential,Social,Human,Communication,Self,Cognition,Benefit,Harm,Pleasant,Unpleasant,Happy,Sad,Angry,Disgusted,Fearful,Surprised,Drive,Needs,Attention,Arousal
accident,4,3,4,3,4,4,3,4,4,3,3,4,4,2,3,4,4,2,4,3,4,4,4,4,5,3,4,4,4,6,4,3,4,4,4,4,4,4,4,3,3,3,4,2,3,3,3,4,5,3,0,4,3,4,3,5,4,2,4,4,4,4,3,4,4,5,4,4
accordion,4,4,4,4,4,3,2,4,3,4,4,5,3,2,2,4,2,2,4,3,3,4,0,4,4,5,4,4,4,2,0,2,2,5.,0,6,2,3,3,4,2,4,3,3,4,4,3,4,4,5,0,4,4,3,4,2,4,2,4,2,3,2,1,3,4,4,4,2
activist,3,4,3,4,4,4,4,4,5,3,2,4,2,5,3,3,3,3,3,3,4,3,2,4,3,2,3,4,2,4,3,2,4,4,2,3,3,3,4,3,4,3,4,4,3,4,2,3,4,4,4,4,4,5,5,3,4,1,3,3,3,2,0,4,4,3,4,3
actor,3,4,4,4,3,4,4,4,4,4,3,4,4,4,4,4,4,4,4,4,4,4,3,4,4,5,4,4,3,4,4,3,5,4,4,5,4,4,4,3,4,4,5,4,4,3,4,4,4,6,5,4,4,5,5,3,5,4,5,3,3,3,4,3,4,4,4,5
advantage,4,4,4,5,4,4,5,4,5,4,3,4,3,6,4,4,4,4,6,4,5,4,2,3,5,4,5,3,4,4,4,4,4,5,5,6,4,4,4,5,3,4,4,3,3,4,4,5,4,6,5,4,4,5,6,2,5,4,5,4,3,4,4,4,5,5,5,4
advice,5,4,5,3,4,5,3,3,4,5,3,3,4,5,2,4,2,4,4,2,4,3,3,4,3,3,3,4,4,4,5,3,4,3,2,3,5,5,5,3,4,4,5,4,4,4,2,3,4,4,4,5,4,4,6,4,4,4,5,2,5,3,4,3,4,3,4,4
aggressive,3,3,3,3,4,3,2,4,4,4,3,4,3,3,3,4,3,3,3,3,4,5,2,4,5,3,4,4,4,4,3,2,2,4,4,3,2,4,4,4,4,2,3,2,4,4,3,4,3,4,4,4,4,5,3,4,0,4,4,2,4,3,4,3,4,2,4,4
agreement,4,4,2,2,4,4,4,4,4,4,4,4,4,4,3,4,3,4,3,3,4,4,2,4,4,3,3,3,4,2,3,3,3,4,4,3,4,4,4,3,3,4,4,4,3,3,3,6,4,4,4,4,4,5,4,3,4,3,4,2,2,2,2,3,5,5,4,5
airport,4,4,4,3,4,5,3,4,4,4,2,3,4,2,2,4,3,4,3,3,4,3,2,4,4,4,4,4,4,2,4,3,1,2,1,6,6,3,4,2,5,4,4,4,4,2,2,3,4,4,0,3,2,3,4,2,4,3,4,2,2,2,3,4,3,4,4,4
alligator,4,2,6,4,5,6,3,4,4,4,4,6,5,3,3,4,3,4,5,4,3,3,2,4,4,3,2,4,1,4,3,2,4,2,2,3,3,4,3,2,4,5,4,3,4,2,3,4,4,3,2,0,2,3,2,4,2,3,4,3,2,2,4,5,3,4,4,3
ambulance,4,5,2,6,3,4,4,6,4,5,4,5,4,3,1,4,3,3,3,3,3,4,2,4,4,4,4,4,3,1,0,4,0,1,0,6,3,3,4,2,4,5,4,4,4,2,2,4,4,4,2,4,3,2,6,0,1,2,1,3,1,1,3,2,4,3,4,2
analogy,4,4,3,3,4,2,3,4,4,4,4,4,4,3,2,3,2,3,4,4,3,4,4,3,3,4,4,4,4,4,4,2,5,3,4,4,3,5,3,3,5,4,4,4,4,2,2,4,4,4,4,5,3,5,5,3,4,3,4,3,3,4,4,5,4,5,5,4
angry,2,2,4,4,3,2,2,4,3,3,2,2,2,4,0,3,2,3,2,4,2,3,4,2,3,3,2,2,2,3,3,2,3,4,3,3,2,2,4,2,4,4,3,2,2,2,3,3,4,5,4,2,3,5,4,3,0,3,2,2,4,4,2,2,5,2,4,4
animosity,4,3,4,3,4,4,4,3,4,4,3,3,4,3,3,3,5,4,3,4,4,4,4,4,3,4,4,4,4,5,3,3,4,2,3,3,4,5,4,2,4,4,4,3,3,3,3,4,3,4,2,3,3,4,4,4,4,3,4,4,4,3,3,3,4,4,4,4
ant,5,3,5,4,4,1,6,4,4,4,3,3,4,2,3,4,2,2,3,2,5,2,2,4,2,2,2,2,4,2,0,2,2,2,2,4,5,4,4,2,4,2,4,3,4,3,3,6,4,4,0,4,5,5,3,3,4,3,4,2,2,3,1,3,5,3,4,4
apartment,4,4,3,3,4,4,4,4,4,4,3,4,4,2,1,4,3,3,4,4,3,4,2,3,4,3,3,4,3,2,3,4,3,4,0,4,4,4,4,4,4,4,3,4,5,3,3,4,4,4,1,4,2,4,5,2,5,2,5,3,3,2,3,4,5,4,4,3
apology,4,4,4,4,3,4,4,4,4,5,4,3,4,5,3,3,3,4,3,3,4,3,2,4,4,4,4,3,4,4,4,3,4,2,2,4,3,5,4,4,4,4,3,2,3,3,4,4,6,6,4,6.,4,4,5,3,4,3,3,4,4,2,2,3,4,4,3,3
applause,5,4,3,2,3,4,2,5,3,6,2,3,4,3,0,3,2,2,2,1,3,2,2,4,4,3,3,5,4,4,0,1,4,4,2,2,2,4,4,4,4,4,3,3,4,2,4,4,4,4,2,6,3,4,3,1,4,4,4,2,3,2,2,3,4,4,4,4
approached,3,4,5,5,4,4,4,4,4,3,4,5,4,4,4,4,4,4,3,4,3,3,4,4,4,4,6,4,4,4,3,3,4,6,4,4,4,4,4,4,4,3,4,3,4,3,4,6,6,6,4,6,4,5,5,4,3,3,4,3,3,3,3,4,4,6,4,4
apricot,5,2,3,4,4,3,4.,3,4,3,4,4,3,2,2,5,3,3,4,3,4,3,2,3,3,2,2,4,2,2,4,4,4,0,0,3,4,4,4,4,3,4,4,3,5,3,2,4,4,5,0,2,4,3,4,2,4,2,4,2,2,2,0,4,4,3,4,3
arm,4,2,4,4,4,4,4,5,4,4,4,6,3,2,4,5,4,5,4,3,4,4,3,4,4,4,4,2,3,3,4,2,2,6,2,6,4,3,3,4,3,4,4,3,4,4,2,4,3,3,2,4,3,4,5,3,5,4,4,4,3,3,4,4,5,4,3,4
army,4,3,4,4,4,3,3,3,3,3,3,4,4,3,5,4,2,4,4,3,4,4,3,3,4,4,4,4,3,3,4,3,2,3,3,5,5,3,4,2,3,2,3,4,4,4,2,4,4,6,3,3,4,3,5,3,4,2,5,2,3,2,3,3,4,4,3,4
arrested,3,3,4,3,3,4,3,4,5,4,2,3,3,4,3,4,4,4,4,3,2,3,3,5,4,5,4,3,3,4,3,3,2,3,2,3,4,4,3,4,3,4,4,2,4,4,3,4,4,4,4,4,4,4,4,2,3,3,4,3,3,3,4,4,4,5,5,4
artist,5,3,4,3,4,4,4,4,3,3,3,4,4,2,2,5,4,4,3,4,3,3,3,3,3,2,4,5,5,4,4,4,4,4,4,4,5,4,4,2,4,3,3,2,4,4,3,4,4,5,4,6,3,5,4,0,4,3,4,2,2,2,2,4,5,4,4,4
asparagus,3,3,3,4,2,2,2,3,1,2,1,5,4,3,2,4,2,2,3,2,4,2,0,1,2,2,0,0,1,0,5,4,0,0,0,4,2,3,2,2,3,2,2,3,2,2,3.,3,4,4,0,2,2,2,4,0,2,3,4,2,0,2,0,4,3,2,3,2
ate,5,4,4,4,5,3,3,2,6,4,4,4,4,4,3,4,3,4,4,3,3,4,4,4,4,3,4,4,4,4,4,1,4,5,5,6,4,4,4,5,4,4,4,3,3,4,4,6,4,4,6,6,4,6,5,3,5,4,5,3,4,4,4,4,3,5,4,4
attribute,5,4,3,4,4,4,3,3,4,4,4,4,4,3,2,4,4,3,4,4,4,5,4,4,5,4,4,4,4,4,4,3,4,4,4,4,3,3,3,4,5,3,4,4,4,3,5,4,3,3,2,6,5,5,5,4,6,4,5,2,4,3,4,3,4,5,4,4
audience,4,4,4,3,3,5,3,4,4,4,4,3,5,4,3,4,4,3,4,4,3,3,2,4,4,2,4,4,4,4,5,3,3,4,3,3,4,4,4,3,4,4,3,4,5,4,3,4,4,6,4,4,4,5,4,2,3,2,4,2,2,4,3,4,4,6,5,4
author,5,3,3,4,4,2,2,4,4,3,4,4,5,5,5,4,4,3,5,4,4,3,4,4,4,3,3,5,4,4,4,3,3,4,2,5,3,4,5,1,4,4,4,4,4,4,3,4,5,5,4,6,4,5,4,2,4,4,5,3,3,3,1,4,6,5,5,4
avalanche,4,4,5,4,4,5,4,6,3,5,3,4,5,2,2,4,4,4,4,2,5,6,4,4,4,2,3,3,4,3,4,4,4,0,0,4,3,4,4,2,4,3,4,4,4,3,4,4,4,0,0,4,3,5,5,4,4,4,4,3,2,3,4,4,4,3,4,3
awe,3,4,4,2,4,4,3,4,3,4,4,4,3,4,2,3,3,4,4,3,4,4,2,4,3,4,4,3,4,3,3,3,5,4,4,4,3,4,4,3,4,4,4,2,4,3,4,3,4,4,3,4,4,5,3,4,4,4,4,2,3,2,2,6,4,6,6,4
axe,4,3,4,4,3,4,4,4,4,4,3,5,4,3,0,4,4,5,4,4,4,4,3,4,4,3,2,3,2,2,5,2,0,3,2,5,4,3,4,4,4,6,4,5,4,4,4,5,4,3,0,4,4,4,5,4,5,4,6,4,3,3,4,4,5,3,5,4
bagpipe,4,2,2,3,4,4,1,5,4,4,3,4,5,2,4,4,2,4,4,4,4,4,0,5,4,4,4,6,4,4,0,3,5,4,0,5,4,4,5,2,3,4,4,4,4,3,3,3,4,4,0,4,4,2,4,0,4,3,3,3,2,2,2,4,4,5,4,4
ball,4,4,4,2,4,4,4,4,3,4,3,5.,4,2,2,4,4,4,4,4,4,4,4,4,3,4,4,3,3,3,3,0,3,4,6,6,4,4,4,3,4,4,3,3,3,2,2,6,3,4,0,3,3,4,5,3,4,4,4,3,2,4,4,3,5,4,4,2
banana,4,4,3,4,3,3,3,3,2,2,3,5,2,2,2,5,3,3,5,2,4,3,2,1,2,0,2,0,1,2,5,4,5,2,1,6,3,3,4,4,3,4,3,4,3,2,2,4,4,5,0,2,3,2,4,1,5,0,4,0,0,0,2,3,3,4,4,3
banjo,4,3,4,3,3,2,3,4,4,5,4,4,4,3,2,4,2,4,4,3,4,3,1,4,4,4,3,5,2,4,2,2,0,5,0,5,4,4,4,3,3,2,4,4,6,3,4,4,4,4,4,4,2,4,4,3,4,3,4,4,0,3,3,4,4,5,4,3
banker,4,4,4,4,3,4,3,4,3,4,3,3,4,3,3,4,2,3,3,3,4,3,2,4,3,3,2,4,2,3,4,2,0,3,0,2,3,4,4,3,2,3,4,3,4,4,3,5,4,6,3,3,4,5,4,2,4,2,4,2,2,2,2,1,4,4,3,3
bar,4,3,3,4,5,4,3,4,4,4,4,4,5,2,3,3,4,4,4,3,3,4,3,4,4,4,4,4,5,4,3,4,3,4,2,4,4,4,4,5,4,4,4,4,3,3,3,4,4,5,2,5,3,4,4,4,4,2,5,2,4,3,3,4,5,4,4,3
barbecue,5,4,4,4,4,5,3,4,4,3,4,4,4,4,2,4,4,2,4,3,4,4,0,4,3,3,2,2,3,3,6,4,3,4,2,6,4,5,5,4,4,4,5,4,4,4,4,5,4,6,0,4,3,3,4,2,6,2,4,2,0,3,0,4,4,3,4,4
baseball,4,4,2,3,4,4,3,6,4,4,4,6,4,2,2,4,3,4,4,3,3,2,2,5,4,4,3,6,3,3,2,4,1,4,2,6,4,4,4,3,4,6,3,4,2,4,4,4,6,4,3,2,3,4,5,2,5,2,4,2,2,2,2,4,3,4,4,4
battle,4,4,4,4,4,4,3,4,3,3,4,3,4,5,4,3,3,4,3,4,3,3,4,4,4,4,3,3,4,3,4,4,4,4,4,4,3,4,3,2,5,4,5,4,4,3,4,5,5,6,3,2,3,4,4,4,3,4,4,5,2,4,4,4,5,5,4,4
bay,5,4,3,4,3,5,4,4,4,5,3,4,4,3,4,4,4,4,4,3,5,4,3,3,3,3,3,4,4,4,4,5,3,3,4,5,4,4,4,4,3,4,5,4,4,4,3,4,4,6,4,5,4,4,3,4,4,4,4,2,4,4,4,4,5,4,4,4
beach,4,4,4,3,4,4,4,4,3,3,4,4,3,5,2,4,4,3,4,4,4,4,2,4,4,2,2,4,2,1,3,4,1,3,4,4,4,4,5,3,4,4,3,3,4,3,2,4,4,5,0,3,4,4,4,2,5,2,6,2,2,0,1,3,4,5,4,3
bed,3,4,4,4,4,4,4,3,3,3,2,4,4,3,3,4,3,4,4,3,4,4,4,4,2,4,3,3,3,4,2,3,2,6,1,6,3,5,5,4,6,2,6,3,3,4,3,4,4,2,0,2,3,3,5,2,3,3,5,2,2,3,4,5,5,5,4,4
bee,4,4,4,3,4,4,3,4,5,4,4,3,4,2,2,4,3,4,4,3,4,4,3,3,2,4,3,5,3,4,4,4,4,4,4,5,3,3,4,4,4,3,4,5,4,4,3,4,4,4,2,5,4,5,3,4,4,3,4,2,3,2,4,3,5,5,3,3
beer,5,4,4,5,5,4,4,4,4,4,4,6,4,3,2,4,3,4,4,4,4,3,1,4,4,2,2,3,3,2,5,6,4,2,4,4,3,2,4,4,3,4,4,1,4,4,4,5,4,4,0,5,2,5,3,2,5,4,6,2,3,4,2,3,3,2,4,2
belch,4,5,4,3,3,3,3,5,2,4,2,4,3,3,4,4,3,3,2,2,3,2,3,4,3,4,4,6,3,4,2,4,4,0,0,4,5,3,2,3,3,4,4,4,3,2,4,4,4,2,2,2,2,2,4,2,3,4,5,3,3,3,4,4,4,4,4,5
belief,5,4,3,3,4,4,5,4,4,2,3,3,2,3,3,2,3,3,1,2,4,3,3,4,2,1,2,3,3,3,4,3,4,3,2,3,4,4,4,4,4,4,3,3,4,3,3,4,5,4,3,4,4,5,5,3,4,3,4,3,3,4,5,2,4,5,4,3
bell,4,3,4,4,4,4,4,5,4,4,3,5,4,3,0,6,3,3,2,3,4,5,2,6,4,4,4,4,3,4,4,2,3,4,0,4,3,4,4,4,2,3,4,4,4,5,4,4,3,4,0,3,3,5,4,3,4,2,4,4,2,4,3,4,4,5,4,4
bicycle,4,4,2,3,5,3,4,4,3,4,4,6,4,2,0,4,3,3,4,4,4,3,2,4,3,4,2,4,2,0,0,2,0,0,6,5,4,4,4,3,3,5,6,2,4,2,2,3,4,3,0,0,5,2,5,2,4,2,4,2,2,0,2,3,4,4,5,4
big,4,4,4,4,4,5,2,4,3,5,3,4,4,3,4,4,4,4,4,4,5,4,4,3,4,3,3,4,4,4,5,3,3,4,5,5,3,4,4,5,4,3,3,3,4,5,4,4,4,6,1,4,4,5,4,5,5,3,4,4,3,4,4,4,5,4,4,4
bird,3,3,4,4,4,3,3,4,4,3,4,5,4,5,2,5,3,3,4,4,4,4,1,4,3,3,4,4,4,3,3,2,4,4,2,3,4,3,4,4,4,4,2,3,5,2,3,4,4,2,2,4,2,4,3,3,4,3,5,2,2,2,3,3,4,4,4,4
black,4,4,5,5,4,3,4,3,3,4,3,2,3,2,4,4,6,4,4,4,2,2,4,4,4,4,4,3,5,4,4,2,4,4,2,3,3,4,3,4,4,3,3,2,2,3,3,3,4,4,3,4,5,4,4,4,5,3,4,3,3,3,3,6,4,3,4,4
blocked,4,4,3,4,4,3,3,3,3,4,3,4,2,4,4,3,3,4,4,4,4,4,4,3,4,3,3,4,3,3,3,3,0,5,3,3,5,4,4,4,5,4,4,3,4,3,4,5,4,4,4,5,2,4,4,4,4,3,4,3,4,4,4,3,4,4,4,4
blue,4,4,4,4,4,4,4,4,2,4,4,4,4,3,3,3,2,3,4,2,3,4,3,2,3,4,4,3,2,3,1,1,2,5,2,4,4,2,3,3,2,3,4,2,2,4,3,4,3,4,2,5,3,2,3,4,4,4,4,2,1,2,1,2,4,4,5,4
blueberry,4,4,3,6,4,4,5,4,4,4,3,6,4,1,0,4,3,4,4,4,3,3,1,4,2,2,2,4,3,2,5,6,1,2,0,4,4,4,4,2,4,4,4,3,5,3,3,3,4,3,0,2,4,4,5,2,5,2,5,4,0,2,1,3,3,3,5,4
boat,4,5,3,4,4,5,3,3,4,4,4,5,4,2,1,4,2,3,4,2,5,4,1,4,3,2,4,4,2,0,2,4,1,2,2,4,5,4,4,2,4,4,3,3,4,3,3,4,4,6,0,3,3,3,5,3,4,2,5,2,1,0,1,1,4,4,4,4
bonfire,4,4,4,4,4,4,4,5,4,4,3,3,4,3,2,4,6,5,4,3,2,3,2,3,4,2,2,5,4,1,6,4,1,4,1,4,3,3,4,2,4,4,3,4,4,4,5,4,4,6,0,3,4,3,3,3,5,4,4,3,2,4,3,4,3,2,4,5
book,4,4,4,3,4,2,4,4,3,3,3,4,5,2,2,4,2,3,4,4,3,4,0,3,3,2,2,3,4,4,2,4,2,2,0,6,3,4,3,3,4,4,3,3,4,3,3,4,4,4,2,6,3,5,4,3,4,4,4,3,3,2,3,5,4,5,4,4
bought,4,5,3,3,3,4,4,3,5,4,4,3,3,4,4,3,2,3,3,4,4,2,3,4,2,4,4,4,4,3,4,2,2,5,3,4,4,3,4,4,4,3,4,3,4,4,3,5,6,3,6,5,5,5,5,5,4,3,3,3,2,3,4,4,4,4,4,4
boy,4,4,3,3,4,4,4,4,5,5,3,6,4,4,4,4,3,4,4,3,4,4,2,3,3,4,4,2,3,5,5,3,3,3,2,5,4,4,3,4,5,4,4,3,4,2,4,4,5,6,4,2,4,4,4,4,4,2,4,2,2,3,6,4,4,4,4,5
bread,3,3,4,4,4,4,2,2,2,2,2,5,3,5,2,4,4,2,4,4,3,4,2,4,3,0,2,3,4,2,4,4,5,3,0,4,4,4,4,4,3,2,4,3,4,2,3,4,4,3,0,4,2,2,4,0,4,2,5,2,2,3,2,4,3,4,4,2
bribe,4,2,4,3,4,4,3,3,4,4,2,2,5,4,3,4,3,4,3,3,2,4,2,4,2,2,3,4,2,2,2,2,3,2,3,2,4,4,4,3,4,4,4,2,4,0,3,3,5,4,4,3,2,3,4,3,4,3,4,3,3,4,4,5,4,4,4,4
bridge,4,4,3,4,4,4,4,5,4,4,3,4,4,3,2,4,3,4,4,4,5,4,2,4,3,4,2,4,3,3,3,2,0,2,2,4,4,3,3,3,4,3,4,4,3,4,4,4,4,5,0,4,3,3,3,2,5,4,5,3,3,2,2,4,4,4,4,4
broccoli,4,3,4,4,4,4,3,4,4,3,2,5,5,3,1,3,2,4,3,3,4,3,2,2,2,2,2,0,1,3,4,4,1,2,0,3,3,3,2,2,3,3,3,4,2,2,3,4,4,2,0,2,2,1,4,0,2,1,4,2,2,3,2,3,4,3,4,2
broke,4,4,3,5,4,2,4,3,3,3,4,4,4,3,2,4,3,4,4,4,4,2,3,3,4,4,2,3,3,4,3,2,2,4,4,4,3,3,4,4,3,4,4,2,3,3,3,3,4,4,6,5,3,4,2,4,2,4,4,4,3,4,2,4,4,6,5,3
bugle,5,4,3,4,4,4,4,4,3,4,2,4,4,3,4,4,3,5,4,4,4,4,3,4,4,3,3,4,5,2,4,5,3,4,3,3,4,4,3,4,4,3,4,4,5,4,4,4,3,5,0,4,1,4,4,2,5,2,6,3,2,4,2,4,4,4,5,3
built,3,4,5,3,4,4,3,4,5,4,4,4,4,3,4,5,4,4,4,5,3,4,3,4,3,4,3,4,4,4,4,4,4,6,4,4,4,3,4,4,4,3,4,5,4,4,3,5,4,4,6,6,5,4,6,3,4,4,5,3,3,4,4,4,5,6,5,4
bus,4,4,4,3,4,5,4,5,2,3,3,4,4,2,2,4,3,4,3,2,3,4,3,4,4,4,4,5,3,4,3,3,0,0,2,5,4,4,3,3,3,5,4,5,4,4,3,4,5,4,2,4,3,4,5,3,4,3,6,2,2,3,3,4,4,4,4,3
business,3,4,3,4,4,4,5,3,3,5,3,3,4,4,4,4,4,4,4,3,3,3,2,5,4,4,3,3,4,4,3,2,2,4,4,5,5,4,3,4,4,4,5,4,4,5,3,5,4,5,2,4,4,5,4,3,4,3,4,1,2,4,3,3,4,3,4,4
businessman,3,4,3,4,4,4,4,4,3,4,4,5,4,4,4,3,3,4,3,2,3,4,2,4,4,3,3,4,3,4,4,4,3,4,1,3,6,4,4,2,3,3,4,2,4,3,2,4,5,4,4,4,3,5,5,2,4,4,4,2,2,4,2,4,3,2,4,4
butterfly,6,4,3,3,4,3,4,4,4,4,4,5,4,3,2,4,2,4,4,3,5,0,0,3,2,2,2,1,2,2,2,2,1,2,0,5,3,4,3,3,3,3,3,3,4,2,4,3,4,4,0,4,3,4,4,2,6,0,4,2,2,0,2,4,4,3,4,6
cab,4,5,4,4,4,4,4,4,4,4,2,4,4,3,1,4,3,3,4,3,3,3,3,4,4,4,4,4,4,3,4,4,2,4,2,4,4,3,3,6,3,3,4,4,5,3,4,5,3,4,2,4,4,4,5,2,4,4,4,4,2,3,2,3,3,4,4,3
cabbage,4,4,4,4,4,4,5,3,3,5,2,4,5,2,1,3,2,3,3,4,4,4,2,3,2,2,0,0,2,2,4,4,2,0,0,3,4,4,3,3,2,3,3,3,4,2,2,5,5,3,0,3,1,0,5,0,4,2,4,2,0,4,0,2,4,3,3,2
cabinet,4,4,3,4,4,4,4,3,4,3,3,4,4,2,4,4,3,4,4,5,4,4,1,2,3,2,4,4,3,4,3,2,2,2,1,4,2,3,4,3,4,3,3,3,4,3,3,5,4,3,0,3,4,4,4,2,4,1,4,2,2,4,3,3,4,4,4,4
cafeteria,4,4,4,3,4,3,4,3,4,4,2,4,4,2,2,4,4,3,4,2,4,3,1,4,4,4,3,4,2,3,3,4,2,0,0,4,4,5,5,4,4,3,4,4,4,3,3,4,4,6,0,2,4,2,4,2,4,2,5,2,3,3,2,3,5,4,4,4
camel,4,3,4,3,4,4,2,4,4,4,4,4,4,2,3,4,3,4,3,5,3,4,2,3,2,4,2,4,3,2,3,2,3,2,2,2,3,4,4,2,3,4,2,4,5,4,2,4,4,4,0,3,3,3,3,2,4,3,4,1,2,2,2,4,4,4,4,2
camera,4,4,4,4,4,3,4,4,4,3,2,4,4,3,2,4,3,3,2,4,5,3,2,2,4,2,2,3,2,3,3,0,2,3,2,5,4,4,4,3,4,4,3,3,3,4,4,4,4,3,2,4,3,2,5,2,4,2,4,2,2,1,3,3,4,4,4,3
car,4,4,3,5,4,5,3,4,5,5,4,5,4,5,3,5,3,4,4,3,4,4,2,4,4,4,3,4,3,2,3,3,2,2,2,5,4,3,4,5,4,4,2,2,4,4,2,5,4,3,3,2,4,3,4,3,4,3,4,2,2,2,3,4,4,4,6,4
carnival,4,4,3,4,4,5,3,4,4,5,3,5,5,4,3,4,4,3,4,2,3,3,2,4,4,3,4,4,3,3,4,4,3,2,2,4,3,3,4,3,4,4,4,3,5,3,6,4,4,6,3,4,3,4,4,3,5,3,4,2,3,3,1,3,3,4,4,5
carriage,3,4,3,4,4,4,4,4,4,4,2,4,3,3,4,4,3,3,3,4,4,4,3,2,4,3,2,4,3,2,2,4,3,4,4,4,4,4,3,3,2,3,3,4,4,5,4,5,4,4,0,3,4,3,4,3,4,3,5,3,2,4,4,3,5,4,4,4
carried,4,4,4,3,4,4,4,4,3,3,5,4,4,4,4,6,3,3,4,4,4,4,3,3,3,3,4,3,4,4,5,3,4,6,3,4,6,4,4,4,4,3,3,5,5,5,4,4,5,4,5,6,3,6,4,3,3,3,4,2,5,3,3,4,4,5,4,4
carrot,4,4,4,4,4,4,3,5,3,4,4,5,3,5,0,5,2,3,3,3,4,4,2,2,3,2,0,1,2,0,5,4,1,2,0,6,3,4,2,4,4,4,2,4,4,2,2,4,4,4,0,4,3,3,5,2,5,3,4,4,2,2,4,3,5,3,5,4
cash,4,4,3,5,4,3,3,4,2,4,2,4,4,2,1,4,3,2,2,4,4,4,2,4,3,2,2,4,2,3,0,3,2,3,0,4,3,4,4,3,4,3,4,3,4,2,3,3,6,6,0,4,2,3,6,2,4,4,4,3,3,2,3,3,3,4,4,2
cathedral,4,4,4,4,4,6,3,4,4,3,4,6,6,3,2,3,2,3,3,3,2,4,1,3,3,4,4,4,3,4,3,4,3,0,1,2,6,4,4,2,4,3,3,2,4,4,2,4,4,4,0,4,3,4,5,0,4,3,6,3,2,2,2,4,3,6,5,5
celebrated,4,4,4,5,4,4,2,4,4,4,4,4,4,4,3,4,2,3,2,2,3,4,3,4,4,4,4,5,3,5,4,4,3,5,3,4,4,4,3,4,4,4,3,4,4,5,3,5,4,5,4,5,4,4,6,4,5,3,4,4,2,3,4,4,5,5,4,4
cellphone,5,3,3,4,5,3,4,4,3,4,2,4,4,0,2,5,3,2,4,3,4,4,2,4,4,2,3,4,3,2,0,3,0,5,0,6,4,3,4,5,3,3,4,2,5,3,2,6,4,3,0,4,4,4,6,2,4,1,4,2,2,4,2,4,3,4,6,5
chair,5,5,2,4,4,3,4,4,2,4,2,4,3,3,2,4,3,4,4,4,4,5,3,2,4,2,2,1,3,0,1,2,0,2,4,4,4,4,4,4,4,3,4,3,2,2,0,5,4,2,0,2,4,2,5,0,4,2,4,2,1,2,2,2,3,3,4,3
cheese,4,4,3,4,5,4,4,3,2,3,2,5,3,3,4,5,4,5,4,4,4,4,2,4,3,3,2,3,2,2,5,5,4,2,0,4,4,4,4,4,3,4,3,2,3,2,2,5,3,3,0,4,4,3,4,2,5,2,6,2,3,4,0,3,5,4,3,2
cheetah,4,4,4,5,5,3,3,6,6,6,2,5,4,2,1,4,2,5,3,3,4,0,1,4,4,2,3,4,2,1,4,2,2,1,4,3,4,4,4,2,4,5,4,3,4,3,5,4,3,4,2,2,4,3,3,4,4,1,5,2,2,2,4,5,4,3,6,3
cherry,4,5,4,6,5,4,4,4,4,4,3,5,4,3,4,4,4,4,4,2,4,4,2,4,3,3,2,4,1,3,6,5,5,2,2,4,4,4,4,3,3,4,3,4,4,3,4,4,4,6,0,4,4,2,4,3,4,1,4,3,2,2,3,3,4,4,5,4
chestnut,4,4,3,5,4,4,4,5,4,3,3,4,3,3,2,5,4,4,4,4,4,3,2,2,4,3,3,4,3,3,4,5,4,3,2,3,3,3,3,3,4,4,4,3,4,1,3,3,5,2,0,3,3,4,3,2,3,4,6,3,2,3,2,5,4,3,4,2
chicken,4,3,4,4,4,4,4,5,4,3,2,6,4,1,0,4,4,3,4,4,3,5,2,2,3,2,4,4,3,2,4,4,4,3,2,4,4,4,4,2,4,3,4,3,4,2,3,6,4,4,0,2,3,4,5,3,4,2,5,3,3,3,2,5,4,4,4,4
child,5,4,3,4,3,4,4,4,3,4,3,4,4,4,4,4,3,3,3,4,4,4,3,4,4,3,3,5,4,4,4,4,3,5,5,3,3,3,4,4,4,4,4,3,4,2,2,4,4,4,3,5,4,5,4,3,5,2,5,2,4,3,3,4,4,5,4,4
chime,4,3,4,4,3,3,4,4,3,5,2,3,4,2,2,4,2,4,4,4,4,4,4,4,3,3,4,5,4,4,4,3,3,4,2,3,4,4,4,4,3,4,3,4,4,2,4,5,5,2,3,5,4,3,5,3,5,2,3,4,2,2,3,4,5,5,4,4
chipmunk,4,5,3,4,3,2,4,6,4,4,4,5,4,2,2,4,2,2,3,3,4,2,2,4,3,3,4,6,4,4,2,2,4,2,2,1,3,5,3,2,4,2,4,2,3,2,2,4,4,3,2,3,3,4,3,1,5,3,4,2,2,3,2,4,4,2,4,4
chocolate,4,4,4,4,4,4,3,4,4,4,4,4,4,3,1,4,3,3,4,2,4,4,0,4,4,3,1,2,2,3,5,5,6,4,0,4,3,4,4,4,4,2,5,3,5,2,3,5,5,4,0,4,1,4,6,0,6,2,5,2,2,2,2,4,5,5,5,4
choir,4,4,4,4,4,4,4,5,3,4,2,4,4,6,3,4,3,4,3,2,4,2,2,4,4,4,4,4,4,3,4,2,3,2,0,3,4,4,4,4,4,4,3,5,4,2,4,4,4,6,3,4,5,5,5,2,5,2,5,3,4,4,2,4,4,4,4,3
church,3,3,4,4,4,4,4,6,4,3,2,4,4,3,3,4,2,4,2,3,4,2,0,4,4,4,4,4,2,4,4,3,3,0,0,3,5,4,4,4,4,3,2,4,4,4,4,4,5,4,4,5,4,4,4,2,4,2,5,2,3,2,2,3,5,5,5,4
circus,4,4,3,4,5,5,4,4,4,4,1,4,4,6,3,4,3,2,3,4,4,3,2,4,4,2,4,4,2,3,3,3,2,2,2,1,3,3,4,2,4,4,2,3,4,2,4,5,4,5,3,2,4,3,4,2,3,3,5,2,2,4,2,4,4,2,4,4
clang,5,4,4,3,5,4,2,3,4,4,4,4,4,3,3,3,3,4,4,2,4,4,4,5,4,4,4,4,5,3,4,2,3,3,2,4,3,4,4,3,3,4,4,4,4,4,4,5,4,3,2,4,4,3,4,3,4,3,4,3,2,3,3,3,4,4,4,4
clarinet,5,3,5,4,4,2,3,4,3,4,4,4,4,2,1,5,1,3,3,3,3,3,0,5,5,4,4,6,6,2,0,3,4,4,0,6,3,3,4,4,4,3,3,4,4,2,4,4,4,5,0,3,3,4,4,1,4,2,4,3,2,0,3,2,5,4,4,4
clever,4,4,4,5,4,5,5,4,6,4,4,4,5,4,4,4,4,4,5,4,4,6,4,5,4,4,4,5,5,4,5,3,4,4,2,5,6,5,5,5,4,4,5,4,4,4,4,5,4,5,3,4,3,5,5,3,4,3,4,3,2,3,3,4,4,4,5,4
cloud,4,4,4,4,3,4,3,4,4,4,3,4,4,3,3,4,2,2,5,3,4,0,2,3,2,3,2,4,3,3,0,0,2,2,1,0,2,4,4,2,4,4,2,2,4,4,3,5,5,3,0,5,3,5,5,2,5,4,3,4,2,4,3,5,4,4,4,4
clue,5,4,4,3,4,3,5,3,5,4,3,5,4,5,4,4,4,4,4,4,4,3,3,4,4,4,4,4,3,4,4,4,3,4,3,4,4,4,4,4,3,3,4,3,4,3,5,4,4,6,4,5,4,5,5,3,5,3,4,3,4,4,4,4,4,4,5,4
coffee,4,3,4,4,4,4,3,3,4,4,3,4,4,4,2,4,4,4,4,3,3,3,2,4,3,2,1,2,3,2,5,6,3,4,0,6,5,4,4,4,3,2,4,6,4,4,4,3,4,4,0,3,3,3,5,2,5,2,4,2,0,2,2,4,5,5,4,5
cold,4,3,4,3,4,4,2,3,2,5,2,3,2,3,2,4,4,3,4,4,4,4,4,3,5,3,2,4,3,3,3,4,2,3,3,4,3,4,4,2,2,1,5,3,4,4,2,3,3,3,2,4,4,4,4,3,2,4,3,3,3,4,3,2,3,3,5,4
college,4,5,4,4,5,5,4,5,3,4,2,4,4,3,2,3,2,4,4,4,4,4,1,4,3,4,3,4,4,1,4,4,2,1,0,4,4,4,3,2,5,4,5,4,5,4,4,4,4,4,2,3,5,5,5,2,5,2,4,2,2,2,2,4,4,4,4,5
comb,4,4,3,4,4,3,3,4,4,4,3,4,4,4,0,4,2,3,4,4,4,3,3,2,3,2,2,3,2,4,0,2,2,4,0,3,2,3,3,4,4,2,2,4,4,3,4,5,3,3,0,2,4,5,4,3,4,0,3,3,2,3,2,3,5,4,5,4
commander,5,5,4,3,4,4,2,5,3,4,2,4,4,5,4,4,3,3,4,3,4,4,4,5,4,3,3,4,3,4,4,4,3,3,2,4,3,4,4,3,3,3,4,4,4,4,3,4,5,4.,4,4,4,4,5,3,5,4,4,3,2,4,3,4,5,5,4,4
company,3,3,4,3,4,4,3,4,4,5,3,4,3,3,3,4,4,3,4,3,3,4,0,4,3,2,2,4,3,2,5,4,2,2,2,4,4,4,4,3,4,4,4,4,4,5,2,4,4,5,3,4,4,5,5,3,4,3,4,3,3,3,2,3,3,5,4,3
computer,4,4,4,3,3,2,4,4,3,5,4,3,4,4,3,3,2,2,4,2,5,3,4,2,4,3,3,4,4,3,1,0,2,4,0,5,4,4,3,6,4,4,3,2,5,5,3,3,5,4,2,6,4,5,6,2,3,4,4,2,2,2,2.,4,4,6,4,4
corkscrew,5,2,3,4,5,2,2,4,2,4,3,4,3,2,0,4,2,2,4,3,4,3,3,2,3,3,3,3,2,0,0,2,2,4,0,6,3,3,4,2,4,3,2,2,4,2,3,4,4,3,0,2,2,2,3,2,4,2,4,2,2,3,2,5,4,2,4,4
corn,4,4,4,4,5,3,4,4,4,4,3,4,4,2,0,4,2,2,4,4,4,3,2,2,2,2,2,2,2,2,4,2,3,1,2,4,2,3,2,3,4,5,3,3,4,3,2,4,4,4,0,2,3,2,4,1,4,2,5,2,2,3,1,2,4,4,4,3
cough,4,3,3,4,4,4,2,4,4,4,4,4,3,3,2,3,3,4,3,3,4,4,4,5,4,4,3,4,2,3,2,2,4,0,0,3,2,5,4,3,3,4,4,3,4,4,4,4,4,2,1,4,4,1,4,4,3,3,5,4,3,4,3,4,4,4,4,4
council,6,4,4,4,4,4,3,5,3,4,2,4,4,4,2,4,4,2,3,3,4,4,3,4,4,3,3,4,4,4,4,4,2,3,1,3,3,4,4,4,4,4,4,3,4,4,4,4,5,5,3,6,5,4,4,4,4,4,4,3,3,2,2,2,4,4,4,3
couple,4,3,4,4,4,4,4,4,3,3,4,3,3,3,5,3,4,3,4,2,4,4,2,4,4,4,4,2,3,4,3,3,4,4,3,3,4,5,4,3,4,4,3,3,3,4,4,4,3,6,3,5,4,4,4,3,4,3,4,3,2,2,2,3,4,5,4,4
court,4,4,4,4,4,4,4,4,4,4,3,4,3,4,5,4,3,3,4,2,4,4,3,4,4,3,3,4,3,3,3,2,3,2,4,3,4,3,4,3,4,3,4,4,4,3,3,4,4,4,0,6,3,4,4,2,4,2,4,3,2,2,3,4,3,4,4,5
cranberry,5,4,4.,4,5,3,4,4,4,4,2,4,3,3,3,4,2,4,4,6,4,4,2,2,4,3,3,4,2,2,4,5,2,1,0,4,3,4,3,2,4,4,3,5,4,3,4,3,4,4,0,4,3,3,5,2,4,2,4,4,2,3,2,4,4,4,4,2
crib,4,3,3,4,4,4,4,4,3,2,2,5,4,3,0,5,3,3,4,4,4,4,2,4,2,3,4,2,4,3,2,3,3,2,2,6,4,4,4,4,4,4,3,4,5,3,4,4,5,4,2,3,4,3,5,3,4,3,4,2,2,0,2,3,4,4,4,3
criminal,4,3,3,4,3,3,2,4,3,3,3,4,3,3,3,2,2,4,3,3,3,3,2,4,2,2,3,3,2,1,2,2,2,2,2,0,3,3,3,3,4,4,4,0,4,4,4,4,4,4,6,3,3,5,4,4,3,4,4,4,4,5,3,3,4,3,5,5
crossed,4,4,4,3,5,4,4,5,5,4,4,5,5,3,4,5,3,4,4,4,4,3,3,4,5,4,3,4,2,4,4,3,2,4,4,4,4,4,5,4,4,3,4,3,3,3,4,4,4,4,4,5,4,6,5,4,4,4,5,3,2,4,4,3,5,4,4,4
crow,5,3,6,5,3,3,4,4,4,4,2,5,4,3,3,3,3,3,4,4,4,3,3,4,4,3,4,5,4,4,2,2,3,2,4,3,4,4,3,4,5,6,4,4,5,3,4,5,4,3,2,4,4,4,4,3,4,3,5,2,3,0,4,5,3,4,5,3
cucumber,4,4,3,4,4,5,3,3,4,3,3,6,2,2,1,3,1,4,3,4,4,4,1,1,3,0,1,0,2,3,4,3,2,1,0,5,4,2,2,2,3,2,3,4,4,2,2,4,4,5,0,3,5,0,5,0,4,2,4,2,1,3,2,3,5,2,5,2
curse,3,4,4,2,3,3,2,4,4,4,3,4,4,2,4,3,4,4,4,4,3,4,4,4,3,4,4,4,4,4,4,3,3,3,2,3,4,3,4,2,3,2,4,0,3,3,1,5,4,5,2,4,3,4,4,3,4,4,5,3,4,4,3,3,4,4,5,4
cyclone,4,4,4,3,5,5,3,4,3,4,3,4,5,3,1,4,3,3,3,3,4,4,4,3,4,3,4,4,3,3,4,0,0,3,1,4,4,4,4,2,4,4,5,3,4,4,4,4,5,3,0,3,4,3,4,5,5,4,5,3,2,3,6,3,4,4,5,5
damaged,4,3,4,4,4,3,2,3,3,4,3,4,4,4,4,4,4,4,4,3,4,4,3,4,4,4,4,3,4,4,4,3,4,4,3,3,4,3,3,3,4,4,4,4,4,4,3,5,6,4,6,5,3,4,6,4,3,4,4,4,3,3,3,3,5,4,4,4
dandelion,4,5,3,4,4,3,4,4,3,4,2,4,4,2,2,4,3,3,4,4,4,2,2,4,3,4,2,2,3,2,5,2,2,0,1,3,3,4,2,2,3,3,2,3,4,3,4,3,4,4,2,4,3,3,3,2,4,2,5,4,3,3,3,4,4,4,4,4
dangerous,3,2,4,2,3,3,4,3,4,5,3,4,3,4,3,4,4,3,2,3,3,3,3,3,5,3,3,2,2,4,1,3,4,5,3,3,4,3,3,4,5,3,4,3,3,4,3,3,3,3,3,4,3,3,3,4,1,4,2,3,3,3,4,3,4,4,3,4
dark,4,4,4,4,3,2,3,2,4,3,4,4,3,4,4,3,3,2,3,3,3,3,4,4,3,4,4,4,4,4,4,4,1,4,3,3,2,3,3,4,4,3,4,3,4,4,3,4,4,4,5,4,3,4,4,3,2,3,3,3,2,4,5,4,4,3,4,3
day,4,5,3.,4,3,3,3,4,3,4,3,4,4,3,4,4,4,4,4,3,4,2,2,3,3,2,4,4,3,3,3,2,3,5,4,4,4,4,3,2,2,4,4,4,3,2,3,5,4,4,0,6,4,3,5,3,4,3,6,4,3,3,3,5,4,3,4,3
dead,4,4,4,4,4,3,2,3,4,2,3,5,4,4,3,3,4,4,2,4,4,4,3,4,5,4,3,4,4,4,2,3,2,4,4,3,5,3,3,3,4,3,4,3,3,4,3,4,4,3,2,4,3,4,5,4,4,4,4,6,2,4,4,4,4,4,4,4
debate,3,3,4,3,3,4,4,3,2,3,2,3,4,2,4,4,4,4,2,2,2,4,2,5,3,2,3,3,3,4,3,2,3,2,0,2,5,4,4,3,3,4,4,3,5,3,3,4,6,6,3,5,5,6,5,3,4,3,3,3,3,4,2,4,4,3,4,4
deceit,4,3,5,3,4,3,3,4,4,3,4,3,4,4,3,3,4,2,4,2,2,5,3,3,2,4,2,3,2,3,2,1,4,3,4,3,4,4,3,1,4,4,3,2,4,3,3,4,4,4,2,4,3,4,4,4,3,2,4,4,3,2,4,4,3,3,3,3
delirium,4,2,4,2,4,4,3,4,4,4,4,3,5,3,4,2,4,3,2,2,3,4,4,3,3,3,3,2,4,3,2,4,2,2,4,2,4,4,4,3,3,4,4,3,5,3,4,3,4,4,2,3,4,5,4,3,4,3,5,3,3,3,4,4,4,4,4,4
delivered,3,4,3,4,4,4,3,4,4,3,4,4,4,4,6,4,3,4,3,3,4,2,3,6,4,3,2,4,4,5,3,4,4,3,5,6,4,4,5,4,2,3,4,4,3,4,4,5,4,5,4,5,4,6,5,3,3,4,5,4,4,3,3,4,5,4,4,4
denial,4,4,5,4,3,6,2,4,3,4,4,3,5,5,4,4,2,4,1,4,4,4,5,4,5,2,2,4,3,4,2,1,3,4,2,5,3,3,4,4,4,4,4,3,4,4,3,2,6,6,2,4,4,5,4,3,4,4,4,4,3,3,4,3,4,4,4,4
desk,3,4,3,4,4,4,4,4,2,2,2,3,3,2,2,5,2,3,4,3,4,4,3,4,4,2,2,2,2,1,0,2,0,4,2,6,5,3,4,5,4,2,5,2,3,3,1,3,3,0,0,2,4,2,3,0,4,4,4,2,1,0,0,4,4,3,4,4
destroyed,4,4,4,4,4,4,4,5,5,4.,4,3,4,4,2,4,4,3,3,3,4,4,4,4,4,4,3,4,4,4,3,4,3,3,3,4,4,4,3,3,4,4,4,3,4,4,4,4,5,4,4,6,3,5,4,4,3,3,4,5,4,4,4,3,5,4,4,4
dictation,4,3,3,3,3,4,4,3,4,4,4,4,4,4,0,3,3,3,4,2,4,3,2,3,3,3,4,5,3,3,4,2,2,4,2,4,4,4,4,4,2,3,3,3,3,6,4,3,5,4,2,4,4,5,4,3,4,3,4,2,3,3,4,4,5,4,4,4
dime,4,4,4,3,4,2,3,3,3,4,2,4,3,1,3,3,2,5,4,3,3,2,3,4,5,2,2,5,4,4,4,3,3,3,0,4.,4,3,3,2,4,4,5,4,4,3,4,3,4,5,2,4,4,4,4,2,4,2,5,3,4,4,4,2,5,4,5,5
dinner,5,4,3,4,4,4,4,4,4,3,2,4,3,3,2,4,4,2,4,4,4,3,2,4,4,1,2,2,2,2,4,4,4,4,2,5,4,3,4,4,4,2,2,4,3,3,4,4,4,6,0,2,3,4,5,2,3,2,5,4,2,3,2,3,3,5,5,3
diplomat,4,2,4,4,4,3,2,4,4.,4,3,5,3,4,4,4,2,3,4,3,4,2,2,3,3,3,2,4,3,4,4,3,3,2,1,3,4,4,3,2,4,2,5,3,4,3,4,3,4,4,4,4,4,4,4,3,4,2,4,2,2,3,2,4,5,3,4,3
doctor,5,4,4,4,4,3,2,3,3,4,5,4,5,5,4,5,2,4,4,4,4,3,3,4,5,3,4,5,4,3,4,2,3,5,1,3,4,4,4,3,3,3,5,3,5,4,2,4,4,6,4,4,4,6,6,2,4,2,4,2,2,2,2,4,4,4,4,3
dog,4,4,4,4,5,3,4,4,4,4,4,5,4,3,2,4,3,4,4,4,4,4,3,4,4,4,4,5,3,2,3,3,3,1,4,5,3,4,4,4,4,4,4,5,5,2,2,4,4,4,2,3,4,4,3,2,4,0,6,2,3,2,3,4,4,6,4,2
dolphin,5,5,3,4,4,4,3,4,6,5,4,5,4,3,2,4,3,2,4,2,4,5,2,4,4,4,4,5,4,4,2,1,2,3,0,3,5,3,4,2,4,3,4,3,4,2,3,4,5,4,4,4,3,4,5,0,6,0,5,4,0,0,1,5,4,5,4,5
door,4,5,4,4,5,5,4,4,2,4,4,4,3,2,2,4,2,3,4,4,4,3,2,4,4,4,4,4,3,0,0,2,1,4,3,6,4,3,4,5,3,4,3,2,4,0,2,5,3,3,0,5,3,3,4,1,3,3,5,3,0,3,4,4,5,5,4,3
downpour,4,4,4.,2,3,5,4,6,4,5,5,3,4,2,1,3,1,3,3,3,4,4,3,4,5,4,3,4,4,2,2,4,0,2,0,5,3,4,4,2,4,3,4,2,4,3,3,4,5,2,0,4,4,1,4,2,3,3,4,3,3,1,4,3,5,4,4,3
drank,4,5,3,4,4,4,4,4,2,3,3,3,5,4,2,3,2,3,2,2,5,2,2,4,3,2,3,3,4,4,5,3,2,2,0,6,4,4,4,4,2,4,4,5,3,4,5,6,6,4,5,3,3,4,4,6,4,3,5,3,2,4,5,3,4,3,4,4
dread,4,2,4,3,3,3,2,4,4,3,2,3,4,4,4,2,3,4,4,3,3,4,4,3,3,4,4,5,4,6,3,4,4,4,3,4,4,4,4,3,4,3,4,2,2,4,4,4,5,3,3,4,3,4,4,4,4,4,3,4,4,4,4,4,4,4,5,2
drew,5,4,2,5,5,4,4,4,5,4,3,4,5,4,3,5,4,4,4,3,5,3,2,4,4,5,4,5,3,4,4,3,3,6,2,4,4,3,4,4,4,3,3,4,4,4,4,4,6,4,4,6,5,5,4,4,5,3,4,4,4,3,3,5,4,5,5,5
driver,4,4,4,4,4,3,4,4,4,5,4,4,3,3,4,4,4,4,4,4,4,4,4,3,4,4,4,4,3,3,3,4,3,4,4,5,4,4,3,3,4,3,5,4,4,4,4,4,5,4,4,4,3,5,6,3,4,3,4,3,3,3,3,4,5,4,4,4
dropped,4,3,3,4,4,3,3,5,4,4,3,4,4,3,4,2,2,4,4,4,4,4,4,4,5,4,2,5,4,4,3,2,4,4,6,3,5,5,4,3,4,3,4,3,2,5,4,4,5,4,4,5,4,4,5,4,4,4,4,4,3,3,3,4,4,5,5,3
drum,4,4,3,4,4,4,3,4,4,4,2,4,4,2,3,5,4,4,4,3,3,4,4,4,5,4,4,5,5,5,2,2,2,5,4,6,5,4,4,4,3,4,4,5,6,4,3,4,4,5,0,4,4,4,3,4,4,3,4,3,3,2,3,4,4,4,4,4
duck,5,4,1,4,5,4,4,4,4,3,3,5,4,2,4,4,3,4,4,3,5,4,2,4,4,4,3,6,3,4,4,3,2,2,2,4,3,4,4,2,3,4,2,3,2,4,2,3,4,2,2,3,3,3,2,0,4,2,5,2,2,0,2,4,4,4,4,3
dusty,3,3,4,3,4,4,2,4,1,4,4,4,3,2,3,5,4,3,2,4,4,3,3,3,3,3,3,2,2,4,3,3,3,3,3,3,3,2,3,3,4,4,4,2,5,4,4,3,4,4,4,2,4,3,3,3,2,3,4,2,3,5,1,2,4,3,5,4
editor,4,4,4,3,4,4,3,4,3,4,4,4,4,3,3,4,4,4,4,3,4,4,2,4,4,2,2,3,4,3,4,3,4,3,2,4,4,4,3,3,4,4,4,3,4,4,4,4,5,6,4,4,3,5,4,3,4,2,5,2,2,2,2,4,4,5,3,4
egg,3,4,4,5,4,3,4,4,4,3,4,5,4,2,2,4,4,3,4,3,4,5,2,3,2,2,2,3,2,3,5,2,4,2,0,4.,5,4,2,3,3,4,4,3,2,4,3,4,4,2,0,5,4,5,4,4,3,3,5,2,3,2,2,3,4,4,4,3
eggplant,4,3,4,4,5,5,4,3,3,2,2,4,4,3,3,3,4,2,4,3,2,4,2,2,3,3,2,2,4,3,4,4,2,2,0,3,2,3,4,2,3,4,3,3,4,1,2,5,4,3,0,2,4,2,4,2,3,4,4,3,2,4,2,3,4,4,4,2
election,5,3,5,4,4,5,3,4,4,3,3,5,4,4,2,4,3,3,4,2,3,2,2,4,4,2,5,5,2,3,4,2,3,1,0,0,5,3,5,3,4,3,3,4,4,4,4,4,5,6,1,6,3,4,4,3,3,4,3,2,4,3,2,4,4,2,5,4
elephant,6,5,4,4,4,5,2,4,4.,4,4,5,4,4,3,4,2,3,4,3,2,6,2,5,4,4,2,5,2,2,3,4,3,2,4,2,4,3,3,2,3,3,4,4,4,1,0,5,4,4,1,3,2,4,3,2,4,3,4,2,2,3,1,3,3,4,5,3
elevator,5,4,4,4,3,4,4,4,3,4,3,4,4,3,2,4,3,3,5,3,4,3,2,4,3,3,4,4,2,2,0,2,0,2,0,5,4,5,4,3,4,4,4,4,5,2,5,4,4,3,0,4,2,2,6,2,4,3,4,2,2,2,4,2,5,4,4,4
elm,4,4,4,4,4,4,4,3,4,4,4,4,4,4,2,3,3,3,4,4,5,3,1,3,4,3,2,4,3,2,4,4,4,3,4,4,4,4,4,3,4,2,2,4,3,4,3,4,4,4,4,5,5,4,4,4,3,3,5,4,3,2,3,4,4,4,4,4
embassy,4,5,4,4,4,4,4,4,4,4,2,3,4,4,3,4,2,3,4,4,3,3,2,3,4,4,2,4,2,3,4,3,1,1,0,3,5,4,4,3,4,4,2,2,4,4,2,4,5,6,3,4,4,4,5,3,4,1,6,2,3,0,2,4,5,2,4,3
embrace,4,4,4,4,4,4,5,4,3,4,4,4,5,4,4,4,4,3,4,4,4,4,2,4,4,3,3,5,3,4,4,4,3,4,2,4,4,4,5,4,5,4,4,4,4,3,3,5,5,4,4,5,4,5,5,3,4,3,6,4,3,3,4,4,5,5,4,4
empty,3,4,4,3,3,5,4,3,5,4,4,4,4,3,4,4,4,3,3,3,4,3,3,5,4,4,4,4,4,3,4,2,5,4,2,2,2,4,4,4,3,3,2,3,2,4,4,4,4,4,3,3,3,5,5,4,4,4,4,3,2,2,4,4,4,4,4,4
ended,3,4,4,4,4,3,3,4,6,4,5,4,3,4,2,3,5,3,5,3,3,4,4,4,3,3,3,4,5,5,6,4,6,6,5,6,4,4,3,4,3,3,5,4,5,5,4,5,5,4,6,6,4,6,6,2,4,4,5,4,3,3,4,4,5,4,5,4
engineer,4,5,3,4,4,4,3,4,3,4,4,5,4,4,3,4,4,4,4,3,4,3,2,4,4,4,5,4,5,2,4,2,2,4,1,4,3,5,3,2,4,4,3,4,4,4,4,4,4,5,3,4,3,4,5,2,4,2,4,2,0,3,1,4,5,4,4,4
envy,4,4,4,4,4,4,4,4,3,4,3,4,4,5,3,3,2,4,2,4,4,3,4,4,4,3,4,3,3,3,4,2,3,2,1,5,3,4,3,3,4,3,3,3,5,4,3,5,4,3,3,4,4,3,4,3,4,3,4,4,4,3,2,3,5,4,4,4
era,4,4,3,4,4,4,4,4,4,5,4,4,4,5,4,4,4,4,3,3,4,3,2,4,4,4,4,5,5,3,4,4,4,3,4,4,3,4,4,4,2,4,4,4,4,4,5,4,6,4,2,5,6,4,3,3,5,3,5,4,4,4,3,4,5,5,5,4
escalator,4,4,3,4,3,4,4,4,2,4,3,4,3,1,0,6,2,2,5,2,4,4,2,3,4,3,3,3,3,0,0,2,0,0,2,5,4,6,3,2,4,4,3,3,3,2,2,4,5,1,0,1,2,1,4,2,1,2,2,3,2,2,2,3,4,2,4,2
etiquette,4,5,4,3,3,4,4,2,3,4,3,2,3,4,2,4,4,4,4,2,4,3,1,5,3,2,2,4,4,4,4,3,3,4,3,1,4,4,4,4,4,3,4,3,4,5,2,4,4,4,2,5,4,5,6,3,4,3,5,3,3,4,2,4,4,4,4,4
evening,5,4,4,4,4,4,4,4,3,3,4,4,4,2,3,3,4,3,4,3,4,4,2,3,4,3,2,4,3,3,3,4,2,2,2,2,2,4,4,3,4,3,2,4,4,4,4,4,4,3,0,4,5,5,3,2,4,3,4,3,3,3,3,2,5,5,4,5
excuse,3,4,4,4,4,4,2,3,3,4,3,3,3,5,5,4,4,4,5,4,4,3,3,3,4,4,4,4,3,4,4,5,3,4,2,4,4,4,4,4,3,3,4,4,3,4,2,4,4,4,3,4,3,4,5,4,4,3,4,3,4,2,3,4,3,4,4,5
expensive,4,3,4,4,4,4,4,4,5,4,4,4,4,3,4,4,4,4,4,4,4,4,3,3,5,4,2,4,4,4,2,2,0,0,3,5,3,4,4,4,2,4,4,3,3,4,4,5,5,4,2,4,2,4,4,4,4,4,4,3,4,5,4,4,4,4,5,3
explosion,5,3,3,3,5,4,4,5,3,5,3,4,5,4,0,4,4,4,2,4,3,4,4,5,4,4,4,4,3,4,2,4,2,4,1,4,3,4,3,2,3,4,2,3,2,2,5,4,5,0,0,4,3,0,3,4,5,4,5,3,3,2,4,4,6,4,4,4
eye,6,4,4,5,4,4,3,4,5,3,4,5,5,2,3,4,3,4,3,3,5,3,3,2,3,3,4,4,3,4,4,2,3,3,2,5,4,4,4,3,3,4,4,3,3,2,3,3,5,3,3,4,4,4,5,2,4,4,4,4,2,3,2,4,4,5,5,4
fallacy,5,2,5,2,4,4,3,4,4,4,2,3,4,3,3,3,3,3,3,3,4,4,4,4,3,2,3,4,2,4,4,2,3,4,4,4,2,4,4,4,4,4,2,3,4,4,5,5,4,4,3,4,3,4,4,4,4,5,4,4,4,3,4,4,4,6,5,5
family,4,3,4,4,4,4,4,3,4,6,4,4,4,3,3,4,2,3,5,2,4,4,3,5,3,3,3,4,4,3,3,4,3,2,2,4,3,3,4,4,4,3,3,3,4,4,4,4,4,4,2,6,4,4,4,1,5,2,6,2,2,0,2,3,4,6,4,4
famous,3,4,4,3,4,4,3,4,4,4,3,3,4,4,4,4,3,3,4,2,4,3,4,2,4,3,3,5,4,4,4,3,2,2,2,4,4,4,4,3,4,3,2,4,5,4,3,4,4,4,3,4,3,5,4,4,6,3,4,2,2,2,2,4,4,4,3,4
farm,3,4,4,4,4,5,4,2,4,4,3,5,4,3,2,3,2,3,4,3,3,3,2,3,3,3,3,5,3,2,3,5,2,0,1,4,4,4,4,3,6,4,4,4,4,5,3,5,4,4,1,2,3,3,5,2,4,2,4,4,2,2,2,3,4,3,4,2
farmer,3,3,4,3,3,4,4,3,4,3,3,4,5,3,2,4,4,4,4,4,5,4,2,4,4,4,4,4,3,2,3,3,2,3,2,3,5,4,4,4,3,3,5,4,4,4,3,4,4,5,4,4,2,3,4,0,3,2,4,1,0,0,0,2,4,4,4,2
fate,3,4,3,5,4,3,4,4,4,4,5,4,4,4,3,3,3,4,3,3,3,4,2,4,2,2,3,5,4,4,3,3,3,4,5,4,3,4,3,3,5,4,3,3,3,4,2,4,6,4,2,3,4,3,4,2,3,3,4,3,4,1,4,3,3,4,4,3
faucet,4,4,4,3,4,3,3,3,4,4,4,5,4,3,2,4,4,4,4,3,3,3,3,3,4,4,3,4,2,2,0,2,2,4,2,6,4,4,3,4,3,4,4,4,4,3,4,4,3,2,0,3,2,3,3,2,5,2,3,2,2,3,2,1,5,5,4,4
feared,4,4,4,4,4,4,4,4,5,3,4,4,4,3,3,3,4,3,4,4,4,4,4,4,4,3,4,4,3,4,4,3,3,4,5,4,4,4,2,4,3,4,4,3,3,4,4,5,3,4,5,5,4,5,4,4,3,3,2,3,3,3,4,3,5,5,4,3
feather,4,5,4,5,4,4,4,4,4,4,4,5,4,4,2,3,2,4,4,4,6,2,2,4,3,4,2,3,3,4,0,2,2,4,2,4,4,5,4,2,4,4,6,4,3,2,4,4,3,5,0,4,3,5,5,3,4,4,4,4,2,0,5,4,4,4,4,4
fed,4,2,3,3,4,3,4,4,3,5,5,4,4,4,3,5,4,4,5,4,4,2,4,4,4,4,4,6,5,4,2,3,3,6,4,6,4,4,4,4,4,4,4,4,4,4,4,5,5,4,5,5,4,5,4,4,4,4,4,4,4,3,4,5,4,6,4,4
fee,4,3,4,4,4,5,3,4,4,4,3,4,4,4,3,3,4,3,4,4,4,4,3,4,4,3,4,4,3,3,3,4,4,3,4,6,4,4,3,4,4,4,4,4,5,4,4,4,4,4,0,5,4,4,4,3,5,3,4,3,3,4,4,4,4,4,4,3
fence,4,4,4,4,4,3,4,4,3,4,2,4,3,2,2,4,3,2,4,4,3,4,2,4,2,3,3,3,2,1,3,2,0,4,2,4,5,4,4,2,3,3,4,3,2,2,3,4,4,4,0,3,2,3,4,2,4,4,4,2,2,2,3,3,4,4,5,3
festival,3,5,3,4,4,6,3,4,3,4,3,4,4,3,4,5,3,4,3,4,3,4,1,3,4,3,4,4,3,2,5,3,3,2,2,3,4,4,4,4,4,4,4,5,5,4,3,4,4,6,4,4,4,4,4,0,4,4,5,2,0,2,3,4,4,5,4,5
fiddle,4,4,3,4,4,3,4,5,4,6,4,3,4,4,2,4,4,3,4,4,4,3,1,3,4,3,4,4,6,2,3,2,2,6,2,3,4,3,4,4,3,3,3,3,4,3,3,5,4,6,0,4,3,4,4,3,5,2,4,4,2,4,2,4,4,4,6,4
field,4,4,4,4,4,5,4,4,4,4,2,4,4,3,3,4,4,4,2,2,4,2,2,3,4,3,3,4,4,4,4,3,4,4,4,4,4,4,5,4,5,4,3,3,4,4,2,4,3,4,0,4,3,4,5,4,5,4,5,4,3,4,3,4,5,4,4,3
finger,4,3,4,3,4,4,2,4,4,4,4,4,4,2,6,5,4,3,4,3,4,1,3,2,4,3,3,2,3,2,0,0,4,6,0,6,3,4,4,4,4,3,4,4,4,0,3,4,4,3,0,6,4,2,6,4,4,3,4,3,4,2,3,4,4,4,5,4
fireworks,6,5,2,4,4,4,3,5,3,4,4,5,4,4,1,2,2,2,2,2,4,2,2,4,4,2,4,4,2,1,0,2,2,3,0,4,4,4,3,1,5,4,4,3,3,2,4,4,5,3,0,2,4,2,4,4,4,2,4,2,1,2,2,4,4,3,4,4
fish,4,4,4,4,4,5,4,5,5,4,4,4,4,2,3,4,2,4,4,4,3,4,2,2,3,2,2,2,2,2,5,4,2,2,0,4,4,4,4,2,4,3,3,4,4,2,3,4,4,4,2,3,2,4,4,3,5,3,3,3,2,4,2,3,4,4,4,4
fixed,3,4,4,5,3,2,4,4,6,3,3,5,4,4,3,3,5,4,4,4,4,5,5,3,4,3,4,4,4,4,4,4,3,4,4,6,4,4,4,4,4,3,3,5,5,4,4,5,5,6,5,5,5,5,5,4,4,4,5,4,3,4,4,4,5,6,4,4
flew,4,4,4,4,4,3,4,4,6,6,4,4,4,4,3,4,4,3,5,3,4,4,4,2,5,4,4,4,4,1,3,4,1,4,2,6,4,4,4,5,4,4,4,4,4,4,5,4,5,4,4,6,5,5,5,4,4,5,4,4,3,4,4,4,4,6,4,4
flood,4,4,4,2,4,5,2,4,4,3,4,3,4,4,3,4,2,2,4,4,4,4,3,3,3,3,3,4,3,4,3,3,3,3,0,2,4,4,4,3,4,4,3,3,4,3,4,5,5,2,0,3,2,2,4,3,4,3,5,4,2,2,4,4,5,5,4,4
flower,4,3,3,3,4,4,3,4,3,4,4,5,6,3,2,4,3,2,3,3,4,4,1,2,2,0,2,2,2,2,4,4,4,1,0,4,4,4,4,4,4,4,3,3,4,3,5,3,4,4,2,4,4,4,5,2,5,4,5,2,3,4,2,4,5,3,4,4
flute,4,5,3,3,4,4,4,4,3,4,3,4,3,2,2,4,2,3,4,2,4,2,0,4,4,4,4,5,3,3,0,2,3,5,0,5,4,3,3,4,3,5,2,3,4,3,3,5,4,5,2,4,3,3,4,1,6,3,5,2,2,2,4,4,4,4,4,4
folly,4,4,3,4,4,4,3,4,3,4,3,3,4,4,3,4,2,3,3,3,4,4,4,4,2,4,4,4,3,4,5,4,4,2,2,3,3,4,4,4,4,4,3,2,4,4,3,2,3,4,4,4,2,4,4,3,5,3,5,4,4,4,4,4,5,4,4,6
foot,4,4,3,2,5,4,4,4,3,5,3,4,3,1,3,4,2,4,4,4,4,5,4,2,4,3,3,4,2,2,2,4,2,2,6,6,4,4,4,5,3,4,4,3,4,3,4,4,5,4,0,2,5,2,4,3,3,2,4,4,3,3,2,3,5,4,4,3
football,5,4,3,3,4,4,4,4,5,4,2,4,4,2,2,4,3,3,4,4,4,2,4,4,4,3,3,4,3,3,1,3,2,2,4,4,4,4,4,4,3,3,6,4,4,4,3,6,4,6,2,4,4,3,4,2,5,2,4,3,2,1,0,4,4,4,4,4
forest,4,4,4,4,4,4,3,6,3,3,2,5,5,4,1,4,3,3,3,3,4,1,2,3,3,3,2,5,3,3,3,5,3,4,2,4,4,4,5,4,3,4,3,3,3,4,2,3,4,4,0,2,3,4,4,4,4,2,4,4,2,2,4,3,5,5,5,4
found,3,4,5,3,4,3,3,4,5,4,4,3,3,3,4,5,5,4,6,4,3,4,3,2,2,3,4,4,5,3,3,4,4,4,4,5,4,3,5,4,3,3,4,3,3,4,4,6,4,5,6,6,4,6,4,3,3,4,4,3,3,4,4,4,5,4,4,3
fountain,4,4,3,4,4,4,3,4,4,4,4,6,4,4,2,4,3,4,4,3,4,4,2,4,4,3,4,4,3,1,2,2,2,2,2,6,4,3,4,3,4,4,4,3,4,3,4,4,4,4,0,3,3,5,4,2,4,3,4,3,2,2,2,4,4,4,4,4
friendly,4,5,4,4,4,4,4,4,4,4,4,4,5,5,4,4,4,3,5,3,4,2,4,5,3,4,4,4,5,6,5,4,3,3,2,5,5,4,4,4,4,3,3,5,4,5,4,4,4,3,3,5,3,4,5,3,5,2,4,2.,2,2,2,3,5,4,4,4
fun,4,4,4,4,5,5,4,4,5,4,4,4,4,5,3,5,4,4,6,3,4,4,3,6,5,4,4,4,4,4,5,5,5,4,4,4,6,4,4,4,5,4,5,4,4,5,5,4,4,5,5,5,4,6,5,4,6,2,5,3,4,0,4,4,4,5,5,4
funeral,4,3,4,3,3,4,4,4,3,3,2,4,4,0,3,3,4,3,2,3,3,3,5,3,3,2,3,2,2,3,4,4,3,2,0,0,3,3,5,2,0,3,4,4,5,3,4,3,5,6,2,4,3,5,3,2,2,2,1,4,3,0,3,4,3,3,4,2
garden,4,4,3,4,4,4,4,4,4,4,4,4,4,2,1,4,3,2,3,3,3,2,2,3,3,3,2,3,3,0,3,4,0,3,2,4,4,4,5,4,4,3,3,3,5,4,2,4,4,4,2,3,3,5,4,1,5,3,4,2,2,1,2,4,4,4,4,3
gasp,4,5,3,4,2,4,4,4,3,5,4,3,4,3,3,4,4,4,4,0,4,3,2,4,4,3,4,4,2,3,3,4,4,4,2,5,4,4,4,3,4,4,4,3,5,4,4,5,4,6,3,5,3,4,4,3,4,3,5,2,4,4,3,5,4,4,4,4
gave,3,6,4,6,4,4,4,4,6,5,4,4,4,4,4,4,4,4,5,4,3,3,4,4,4,3,3,4,4,3,4,3,5,5,5,5,3,4,4,4,3,3,6,4,4,5,4,4,6,4,5,6,4,4,6,3,3,3,5,4,3,3,4,4,4,5,4,4
girl,3,4,3,3,3,5,3,4,4,4,4,4,4,3,5,4,4,3,4,3,4,4,4,4,3,2,5,4,4,4,4,3,4,3,3,5,4,4,4,4,2,4,3,4,4,3,3,4,5,6,4,4,3,5,5,0,4,0,5,3,2,0,4,4,4,4,4,5
glass,5,3,4,4,4,3,4,4,4,5,3,4,4,2,2,3,3,5,4,2,4,3,2,3,3,3,3,3,3,4,0,0,2,4,2,6,3,4,3,4,5,4,4,4,4,2,3,4,4,4,0,5,3,3,4,4,4,3,4,3,2,0,3,4,3,5,4,3
goldfish,4,5,3,4,4,3,5,4,3,4,4,4,4,3,2,4,2,3,3,3,4,1,3,4,3,2,2,3,2,3,4,2,2,2,1,3,4,5,2,3,4,4,3,3,4,3,5,4,4,3,0,2,4,3,3,0,4,2,4,3,2,2,2,3,3,3,4,4
gong,4,4,3,3,5,4,4,3,4,2,4,4,4,3,3,4,4,4,3,4,4,4,4,3,4,3,4,6,4,4,4,2,3,5,4,5,4,4,3,3,4,4,5,3,4,3,2,3,4,4,2,4,4,5,4,1,4,2,4,3,3,4,4,4,4,3,5,3
gratitude,4,4,3,4,4,6,5,6,4,4,4,4,3,4,4,4,3,3,4,2,4,4,2,4,5,2,4,3,4,3,4,3,2,4,2,2,3,3,4,3,4,5,3,3,5,4,4,4,4,5,3,6,4,5,5,0,6,0,6,2,2,0,0,4,5,5,5,4
green,4,4,2,3,4,4,3,2,4,4,5,5,4,4,5,2,4,3,3,3,3,3,4,3,2,4,4,3,4,4,2,4,2,3,3,4,4,4,4,3,3,3,4,2,5,4,3,4,3,5,2,4,4,3,5,2,4,2,5,1,3,2,2,2,2,4,4,4
grew,4,5,2,3,4,4,4,4,5,4,4,4,4,3,4,4,4,4,4,4,4,5,4,4,4,4,2,5,4,4,3,4,1,5,4,4,4,4,4,4,4,3,4,3,4,5,4,5,6,6,4,6,4,4,5,4,4,2,4,3,3,4,3,3,5,5,4,4
grief,4,3,3,4,4,5,5,4,4,4,4,3,5,6,4,3,4,3,3,3,4,4,4,4,4,3,3,4,4.,3,3,4,4,3,2,4,4,4,4,4,4,4,2,3,4,5,4,3,5,4,2,3,4,5,4,3,3,4,3,4,4,2,2,4,4,6,4,3
grievance,4,3,5,3,3,4,3,3,3,4,4,4,5,4,4,3,4,4,4,4,4,4,4,3,4,3,3,3,4,4,3,3,4,4,4,3,4,5,4,4,4,4,3,3,5,4,3,4,4,4,4,4,4,4,4,4,4,4,4,4,3,4,5,4,3,4,4,5
guard,4,4,5,4,4,4,4,4,4,4,4,5,4,4,4,4,4,4,4,4,4,4,4,3,4,4,2,3,2,2,4,3,3,4,3,4,4,5,4,3,3,4,3,3,4,4,4,4,4,4,3,4,5,4,6,3,4,3,4,3,2,4,3,3,4,5,4,4
guilt,4,4,5,4,4,4,3,3,3,3,3,4,3,3,3,4,4,4,2,3,3,4,4,3,4,3,2,5,4,4,3,3,5,2,3,3,3,3,4,3,4,4,2,3,5,4,2,4,4,4,0,5,4,4,2,3,2,3,1,4,4,4,3,3,4,2,4,2
gum,4,4,3,4,3,4,3,3,3,3,3,2,3,3,4,4,2,3,5,3,3,2,2,2,3,2,2,3,2,2,3,4,4,2,2,6,2,3,4,4,2,4,3,2,4,3,3,3,4,4,0,4,3,2,4,2,4,3,5,2,2,4,4,4,4,2,4,4
gunshot,4,4,3,3,3,5,3,4,4,4,3,4,5,2,2,3,4,3,3,4,3,3,6,5,4,2,4,5,2,4,3,3,2,4,2,3,6,5,3,0,4,4,4,2,4,0,3,4,5,3,0,3,4,4,6,4,4,4,2,4,2,2,3,2,4,3,5,5
hailstorm,6,4,4,3,4,5,4,4,2,4,3,4,4,2,0,3,0,4,2,3,3,4,4,5,4,2,4,6,3,3,0,0,2,1,0,3,3,4,4,2,4,3,4,3,4,2,5,4,5,0,0,2,1,4,4,4,4,4,4,4,4,2,5,5,3,2,5,3
hair,6,4,4,3,4,4,4,3,3,3,4,4,5,3,0,4,3,4,5,4,4,3,2,0,2,4,2,0,4,3,0,2,3,2,2,4,2,3,4,4,4,4,5,4,4,3,2,6,4,4,0,3,4,0,4,3,3,4,3,3,2,4,2,3,3,4,4,4
hairbrush,4,4,3,4,4,4,5,4,4,4,3,4,4,2,2,5,3,3,4,3,3,2,3,5,3,2,2,3,2,2,0,2,1,5,0,5,4,4,3,4,4,4,2,4,3,2,2,4,4,2,0,0,3,2,4,1,5,2,4,2,2,2,2,2,3,3,4,1
hall,2,4,4,4,4,4,2,4,4,4,4,4,3,3,3,4,4,4,5,4,4,4,3,4,4,4,3,3,3,2,3,3,3,4,4,4,4,4,4,4,4,4,5,4,4,4,3,5,4,5,4,4,3,5,4,3,4,2,5,3,2,3,4,4,5,4,4,4
ham,4,4,4,4,4,4,4,4,3,4,3,5,3,3,2,4,4,4,3,3,3,4,1,2,4,3,3,4,3,3,4,4,2.,2,1,2,4,4,4,2,4,4,3,4,4,4,2,4,4,3,0,4,3,2,4,3,4,3,5,3,2,4,3,4,4,4,5,3
hamster,4,4,3,5,4,2,5,5,4,4,4,4,3,3,3,4,2,3,5,3,4,4,2,4,5,4,4,5,4,2,2,4,2,4,1,3,4,4.,3,2,4,5,5,2,3,3,2,3,3,2,2,2,3,4,4,0,4,0,5,2,0,2,2,4,4,4,4,4
hand,4,4,4,4,3,3,5,4,3,4,3,3,4,3,3,6,4,4,4,4,4,3,3,3,4,3,3,3,4,4,3,3,3,5,1,6,5,4,4,4,4,5,4,4,3,4,2,4,4,3,3,4,4,2,4,2,4,4,4,2,3,3,2,5,5,3,4,4
handshake,4,3,3,2,2,4,3,5,4,4,3,4,2,4,3,6,3,3,4,3,3,2,2,3,3,2,2,3,2,3,3,2,0,4,0,2,3,4,4,4,6,3,4,3,4,0,4,4,4,6,2,6,4,2,4,2,4,3,4,3,2,4,3,4,4,3,4,4
happy,3,4,2,3,4,4,4,4,5,3,4,5,4,4,3,4,4,4,4,3,5,2,2,4,3,4,3,4,4,4,4,4,4,4,2,4,4,4,4,4,4,4,3,4,4,5,3,4,4,4,4,4,3,4,5,2,6,1,4,2,2,2,3,4,4,3,4,5
harmonica,4,3,3,4,4,2,4,3,3,5,4,4,3,2,1,4,2,3,4,3,5,3,0,5,4,3,4,5,5,4,2,1,6,4,0,5,3,4,3,4,3,5,4,3,5,2,2,4,4,5,0,3,3,4,4,0,4,2,5,3,1,2,0,4,4,4,4,2
harp,4,3,3,2,3,4,4,4,3,5,4,6,4,2,3,4,2,2,4,2,4,4,2,4,4,4,4,4,4,3,3,2,0,4,3,4,3,3,4,3,3,4,4,4,5,3,3,5,4,3,0,2,3,3,3,0,5,4,5,3,1,0,4,4,4,3,4,3
hawk,5,4,4,3,3,5,3,5,4,4,3,4,4,3,2,4,4,3,3,4,4,4,3,4,4,4,3,4,2,2,2,2,4,2,3,4,3,3,4,2,3,4,3,4,4,4,2,4,4,3,2,3,2,4,4,3,4,2,2,3,2,4,3,4,4,4,5,5
heavy,4,2,4,4,4,4,2,4,3,4,2,3,3,3,3,4,4,3,3,4,3,3,4,4,3,4,3,4,5,4,5,2,4,4,3,4,3,4,5,5,4,3,2,3,4,4,4,4,4,3,3,4,4,5,4,5,3,4,4,3,3,4,4,4,3,4,3,4
held,4,5,3,4,4,3,4,4,4,5,4,3,4,5,3,6,5,4,4,4,4,4,2,4,4,4,4,4,4,4,3,3,5,4,5,6,4,3,6,3,4,3,3,4,4,3,4,5,5,4,6,6,4,5,4,3,4,3,4,5,3,4,3,4,3,5,4,4
helped,5,4,5,3,4,4,4,4,5,4,5,4,4,4,4,4,3,4,4,4,4,4,5,4,4,4,4,5,4,3,4,4,4,5,5,4,5,5,4,4,4,4,4,4,4,4,4,6,6,5,6,6,4,6,6,3,4,3,4,4,3,4,4,5,4,5,5,4
heredity,3,3,5,3,3,4,5,5,3,4,3,4,4,4,5,2,2,2,3,4,3,4,4,4,4,4,3,4,3,5,3,2,4,3,4,3,3,4,4,4,3,4,4,2,4,3,2,4,4,4,0,3,4,3,5,2,5,3,4,4,4,4,4,2,4,4,5,4
heroism,4,4,4,4,4,4,4,5,4,4,4,4,4,6,4,3,3,2,2,2,4,4,3,4,4,3,3,2,3,2,4,2,4,4,2,2,3,4,4,2,4,5,4,2,3,4,4,4,4,5,3,3,5,3,5,3,3,2,4,2,1,2,2,3,4,4,4,4
hierarchy,4,4,4,4,4,5,5,4,3,4,4,4,4,4,1,3,3,2,3,3,4,4,2,5,4,3,4,3,4,3,3,2,4,3,3,1,3,4,4,3,4,3,4,2,2,4,2,4,5,5,2,5,4,5,4,3,4,4,3,1,4,2,3,3,4,3,4,5
highway,4,4,4,3,4,4,3,4,4,3,4,4,3,3,2,3,3,3,3,3,4,4,2,4,4,3,3,4,3,3,2,4,2,3,2,5,6,4,4,3,4,4,5,2,2,4,3,4,4,3,0,3,4,3,5,4,4,3,3,4,2,3,3,4,4,3,4,3
hiked,4,3,2,4,4,4,2,4,4,3,4,4,4,4,5,4,2,4,3,4,4,3,3,4,3,4,3,4,3,3,3,3,0,2,5,5,4,5,4,4,4,4,4,4,4,4,4,4,4,4,5,4,4,5,5,4,4,2,6,3,4,2,3,4,5,4,4,4
hoe,4,4,4,4,4,4,4,4,5,4,4,4,4,3,3,4,5,3,4,4,4,4,4,4,4,3,3,4,3,3,4,3,4,4,3,4,5,4,4,5,4,3,3,3,4,4,4,4,4,6,3,4,3,5,4,3,5,3,4,3,3,2,4,4,4,5,5,3
home,5,5,3,4,5,4,4,3,4,5,4,4,4,4,2,4,3,3,4,3,4,4,3,4,4,3,4,3,4,4,3,4,5,3,3,3,5,3,4,4,4,4,4,2,3,4,4,3,4,4,4,4,4,4,6,2,5,2,6,2,2,2,2,4,5,5,4,3
honey,4,4,4,5,4,4,2,3,3,4,4,5,3,3,0,4,3,3,5,3,4,4,0,3,2,3,2,2,3,2,5,6,4,2,2,4,3,5,4,3,5,4,4,4,5,2,2,6,4,4,0,3,3,2,5,2,6,3,6,2,2,1,3,4,5,5,4,3
honeymoon,5,4,4,3,3,4,4,4,3,3,4,3,4,4,4,2,4,4,3,3,3,2,2,4,3,2,3,5,2,2,4,2,4,2,1,0,3,4,4,2,5,4,6,4,4,2,5,3,5,5,2,4,3,4,3,3,6,3,4,3,4,1,2,4,5,5,4,4
hope,4,4,3,3,4,5,3,4,4,4,3,4,3,3,4,3,4,4,4,3,4,3,2,4,5,2,3,2,5,3,4,3,3,5,2,4,4,4,4,4,4,4,4,2,3,3,3,4,4,4,2,3,4,5,5,0,4,2,5,2,4,0,2,5,4,5,4,4
horse,3,3,4,3,4,6,2,4,2,5,3,5,4,3,3,6,4,3,3,3,4,5,2,4,4,5,5,4,2,3,4,4,4,2,2,3,3,4,4,2,4,4,4,3,3,4,4,4,4,3,2,4,3,3,4,2,5,3,4,2,1,0,2,4,5,4,4,4
hospital,4,4,4,4,4,4,2,3,3,4,2,4,4,4,2,3,4,3,4,3,4,2,4,4,3,2,4,3,2,2,2,4,1,2,1,4,6,4,4,4,3,3,4,3,4,3,2,5,4,6,3,2,2,3,5,3,2,3,3,4,1,2,4,3,4,5,4,1
hot,4,4,3,2,4,4,3,5,4,4,4,4,5,3,4,4,4,2,4,3,2,2,5,4,4,4,3,4,4,3,2,4,4,2,2,4,4,4,4,4,4,3,3,4,5,4,3,4,3,4,0,4,4,4,5,3,5,4,4,2,2,2,4,4,5,4,5,4
hotel,4,4,4,4,4,4,3,3,4,4,3,4,4,4,3.,4,4,4,4,3,4,4,2,3,5,3,2,3,3,2,4,4,2,1,0,4,6,4,4,3,3,4,3,3,4,4,2,5,4,5.,2,2,3,4,4,2,5,2,4,2,2,2,2,4,4,3,4,4
hurricane,4,4,4,3,6,6,2,5,4,5,5,5,6,2,2,2,2,2,2,4,2,2,4,4,4,2,4,5,2,2,0,2,2,2,1,0,4,4,5,2,5,5,4,4,4,2,4,6,4,0,0,4,1,3,2,4,0,5,2,4,4,2,5,4,5,4,4,3
hygiene,4,4,4,2,4,5,6,3,3,4,3,3,3,4,3,4,4,4,4,5,3,3,1,5,3,2,3,2,2,3,0,4,4,6,2,3,4,3.,4,5,4,4,4,2,4,4,3,4,4,4,2,3,4,5,6,4,4,4,5,2,4,3,2,4,4,4,4,4
ice,4,5,2,4,6,4,3,4,3,2,4,4,4,2,2,4,1,5,5,4,4,2,4,2,4,2,2,2,3,1,0,0,3,3,3,5,4,4,4,4,3,4,4,3,4,4,2,5,4,3,0,3,2,3,4,3,5,4,4,4,4,0,4,4,5,5,4,4
infinity,4,5,2,3,2,6,4,3,2,4,2,0,4,3,3,1,3,4,3,2,3,0,2,2,4,3,2,3,2,2,2,3,3,3,1,0,0,3,2,2,4,3,2,0,2,2,0,3,6,4,0,3,4,3,3,0,5,4,6,4,2,3,2,3,4,5,4,5
injured,4,4,5,4,3,2,4,4,4,3,3,3,3,2,4,4,4,4,4,4,4,3,3,3,4,4,4,4,3,4,3,3,3,4,5,3,3,3,4,4,4,4,3,5,4,3,4,2,3,4,4,4,3,4,4,4,4,4,3,3,4,3,4,3,6,3,4,4
insult,4,2,4,4,4,3,4,3,4,4,3,3,3,3,4,3,3,3,2,3,4,3,4,4,3,3,4,4,4,3,3,5,4,4,2,3,2,4,4,2,4,4,5,3,4,2,4,5,4,4,2,5,4,5,5,4,3,4,2,4,4,4,3,4,5,5,6,4
intellect,4,3,3,2,3,3,3.,4,4,3,3,2,4,5,4,2,2,2,1,2,4,3,2,3,2,4,3,3,4,3,3,0,4,3,2,4,2,4,4,4,3,3,4,1,3,3,3,4,3,2,3,4,4,6,3,3,5,4,4,3,2,2,4,4,4,4,4,4
interviewed,3,2,4,4,3,4,3,3,4,4,2,3,5,6,4,4,3,4,4,4,4,3,4,4,4,2,2,4,2,5,2,4,3,4,3,4,4,5,4,4,3,3,5,4,4,4,3,4,5,6,6,6,5,6,5,2,3,3,3,3,3,3,3,3,4,5,4,3
ire,4,4,4,3,4,5,4,4,4,4,3,4,3,6,3,4,3,3,4,3,4,3,4,4,3,2,4,3,4,4,4,4,4,4,3,4,3,3,4,4,4,3,4,4,4,4,4,4,4,5,3,5,4,5,5,3,4,4,6,3,4,5,3,3,4,5,5,4
irony,3,5,4,2,3,4,3,3,3,3,3,3,4,3,5,3,4,4,3,2,4,4,4,4,4,2,2,4,3,4,3,2,2,4,3,2,3,4,3,3,4,3,5,4,4,3,4,4,5,4,3,6,4,4,4,4,3,4,5,3,4,4,2,4,4,4,4,4
island,4,4,3,4,4,5,3,4,4,4,4,4,4,4,2,4,4,3,3,4,3,4,3,2,3,3,4,3,3,2,4,4,2,3,1,3,3,4,4,3,4,4,2,3,2,4,2,5,4,4,0,2,4,4,4,2,3,2,3,3,2,0,3,3,4,4,4,3
ivy,2,4,4,4,4,4,4,2,5,4,4,4,4,5,3,4,3,3,4,4,4,2,2,4,3,3,3,4,3,3,2,3,1,0,0,4,3,4,4,4,4,5,4,2,4,4,4,4,4,4,2,3,4,4,5,2,3,3,4,4,3,3,3,4,4,5,4,4
jam,4,4,3,5,5,3,4,4,3,3,2,4,4,4,1,5,2,2,2,4,2,2,0,4,3,2,2,4,2,2,4,4,2,3,2,4,4,4,4,4,3,4,3,3,5,4,4,4,4,4,0,4,4,2,3,0,4,3,4,3,3,2,2,3,4,4,5,4
jaw,4,4,3,4,3,4,4,4,4,3,4,4,5,3,2,4,3,4,4,4,4,3,4,4,4,4,3,4,3,3,5,3,6,3,0,4,4,4,3,4,4,5,4,4,4,4,4,3,4,5,2,5,4,3,5,2,6,4,6,3,2,3,5,4,3,5,4,4
jealousy,5,4,4,3,4,4,3,5,4,3,4,3,4,4,5,4,4,4,2,4,2,3,5,3,4,3,2,3,4,4,4,2,2,2,2,4,2,4,4,2,5,3,5,3,4,5,3,5,5,4,3,4,4,5,2,4,4,4,2,4,4,4,3,3,4,3,4,4
joke,5,3,4,2,3,3,2,4,4,4,2,3,4,3,4,3,3,4,4,3,3,4,3,4,4,4,4,4,4,3,3,2,4,4,3,3,3,4,4,3,3,4,4,3,4,4,3,4,5,4,4,4,3,4,5,3,3,3,4,2,4,3,4,4,4,4,4,4
journalist,4,3,3,2,3,3,3,4,4,4,4,4,4,4,4,4,2,3,3,3,4,3,2,4,3,4,3,4,4,3,4,2,3,2,2,3,4,4,4,2,4,3,4,2,4,4,4,4,4,4,4,4,3,5,5,2,3,2,4,2,3,3,2,4,4,4,4,2
joviality,4,4,3,3,3,5,4,4,4,4,4,4,3,4,3,3,3,2,4,2,4,5,2,5,4,3,4,4,5,2,3,2,4,3,4,2,3,4,4,2,4,4,4,2,4,4,5,4,4,5,3,4,3,4,3,0,4,2,5,2,2,2,2,4,3,4,5,4
joy,5,4,3,4,4,5,6,4,4,3,3,3,4,4,4,4,3,4,3,4,5,3,3,3,4,2,4,2,5,4,4,4,4,4,4,4,3,4,4,3,4,4,5,2,2,4,4,4,4,4,3,4,4,4,5,2,4,2,5,2,2,3,2,5,4,6,4,5
judge,3,4,4,4,5,4,4,4,4,5,4,3,3,3,3,3,2,4,4,4,4,4,4,4,3,4,4,4,4,4,4,4,4,4,4,3,4,4,4,2,2,3,4,2,3,4,2,4,5,4,4,5,4,5,4,4,4,4,5,3,3,4,2,4,4,4,3,3
jungle,4,4,4,4,4,5,2,4,3,4,4,5,4,4,3,4,3,3,3,4,3,3,2,4,4,4,4,4,3,3,4,4,2,3,2,6,4,4,4,3,6,4,3,6,4,4,3,4,4,4,3,4,2,4,5,2,3,3,5,3,3,3,3,3,5,4,4,4
jury,4,4,4,3,3,5,4,4,5,4,4,4,4,4,3,4,4,3,4,4,4,4,2,3,4,3,4,4,4,3,4,4,4,0,3,4,3,2,3,4,3,2,4,4,4,4,2,4,4,6,4,4,3,5,4,4,4,3,4,4,3,3,3,3,3,3,4,4
ketchup,4,3,4,4,4,4,4,4,3,4,3,3,2,2,0,4,2,4,4,2,3,2,0,4,2,2,1,2,2,2,5,5,4,2,0,4,3,4,4,4,2,3,3,2,5,0,1,4,3,3,0,4,0,1,3,0,5,3,3,2,2,3,1,5,5,3,3,3
key,4,4,4,4,4,4,4,4,4,4,4,4,3,4,3,4,3,3,4,4,4,4,4,4,4,3,4,4,4,4,3,3,3,5,5,5,4,3,4,3,3,3,5,4,4,4,3,4,4,6,5,4,4,6,5,3,5,3,4,3,3,4,4,3,3,5,4,5
keyboard,4,5,4,3,5,4,4,4,1,4,3,4,3,2,2,5,2,3,4,3,4,4,3,4,4,4,3,4,4,2,2,2,2,6,0,6,5,2,4,5,4,2,2,4,4,3,3,4,4,4,0,5,2,3,4,0,5,2,5,2,3,0,0,3,4,5,4,3
kicked,4,2,4,3,4,4,4,4,4,4,4,4,4,5,3,5,3,4,4,3,4,2,3,4,4,4,2,4,6,4,2,2,0,3,6,5,3,3,3,4,4,5,2,3,3,5,5,5,6,4,4,5,3,5,4,3,3,4,4,3,4,3,3,3,4,6,4,3
kiss,4,4,3,4,4,4,4,6,3,5,5,4,3,5,4,4,4,4,3,3,3,4,1,3,3,3,3,4,2,5,4,3,6,0,0,2,3,4,4,3,4,2,3,4,4,3,4,4,5,4,4,6,3,3,3,3,5,3,4,3,2,3,4,4,3,5,5,3
kitchen,4,4,2,4,4,6,3,2,3,2,3,4,4,0,2,4,4,4,4,3,4,4,2,4,3,3,4,3,3,0,4,4,2,5,0,5,6,3,4,4,3,3,4,3,4,2,3,5,4,4,0,2,3,4,4,0,4,2,4,2,0,2,0,3,4,5,4,4
knowledge,4,4,3,2,2,4,2,5,4,4,4,3,4,4,3,4,4,4,2,2,4,2,2,5,4,3,3,3,4,4,2,3,4,4,4,4,4,3,4,2,4,4,3,2,4,3,2,3,4,4,0,4,4,4,5,4,3,4,4,4,4,3,3,4,5,4,3,4
lab,4,4,4,4,4,5,3,3,3,4,4,4,4,2,3,4,4,3,4,4,3,4,2,5,4,3,4,3,4,3,4,4,2,4,0,6,4,4,3,4,4,4,5,3,4,4,4,4,4,5,3,4,4,4,4,4,4,3,4,3,2,5,3,4,5,4,4,5
lake,4,4,3,4,4,4,3,4,3,4,4,4,4,4,0,4,2,5,3,3,3,3,3,4,3,2,3,4,4,2,3,2,2,2,0,5,4,3,3,4,2,4,4,4,5,3,2,4,5,4,0,0,4,2,4,2,6,3,5,3,0,2,3,4,4,4,4,4
landed,4,4,4,3,5,3,2,5,3,4,4,3,4,4,4,5,4,4,4,4,2,3,4,3,4,4,4,4,3,3,4,4,3,2,4,6,4,4,4,5,3,4,6,2,4,4,4,5,4,3,4,4,3,4,5,4,4,4,5,4,2,4,4,4,3,5,4,4
landslide,3,3,4,4,3,4,4,3,2,4,5,4,4,4,0,3,2,3,3,4,2,5,4,4,4,4,2,5,4,2,4,2,0,1,2,2,4,5,4,2,4,4,4,2,4,2,4,4,4,1,0,3,4,4,4,3,2,4,4,3,4,3,3,3,4,4,5,3
laughed,5,4,3,3,3,4,4,4,4,3,3,3,4,5,5,3,2,0,3,2,5,2,3,4,4,4,4,5,4,5,3,2,5,2,2,6,4,3,3,4,3,3,4,2,4,3,4,4,4,5,4,4,4,5,4,3,5,4,4,3,2,3,1,2,5,4,4,4
law,4,4,4,3,3,4,3,4,4,5,4,2,5,2,3,4,2,3,4,3,4,3,2,4,3,3,4,3,3,4,4,0,3,2,1,4,4,5,2,3,3,4,3,4,4,4,3,4,3,4,3,3,4,4,4,3,3,2,4,2,2,2,2,3,5,5,3,3
lawyer,4,4,4,2,4,3,2,3,2,4,3,3,4,3,4,2,3,3,4,3,4,2,1,4,4,4,2,4.,3,5,3,2,2,2,0,3,4,4,3,3,2,3,3,2,4,4,3,4,6,6,4,5,4,5,6,2,1,2,4,1,2,2,2,2,3,2,4,3
left,4,2,3,3,3,4,4,3,4,4,5,4,3,4,3,4,2,4,1,2,2,1,2,2,2,2,2,3,3,3,1,2,2,4,3,5,4,2,3,4,3,3,2,2,4,4,4,3,4,4,5,4,4,5,5,4,5,2,4,2,1,2,3,3,4,6,4,5
leg,3,5,4,3,4,4,4,4,2,5,4,4,4,2,4,4,3,3,4,4,4,4,4,5,3,3,2,3,3,4,4,2,2,2,5,6,5,4,3,4,3,4,3,4,4,4,4,4,3,5,2,3,4,4,5,4,3,3,3,4,2,3,4,4,5,5,5,4
legality,4,5,4,3,4,3,2,4,3,4,3,3,4,4,5,2,3,4,2,2,4,5,3,4,3,4,2,3,3,4,3,3,3,1,2,2,4,4,2,4,4,3,4,1,2,3,2,5,5,5,0,4,4,3,5,4,3,3,3,2,3,3,3,4,4,4,3,3
lemonade,3,5,4,4,3,3,4,3,4,5,3,2,2,4,2,3,2,5,4,2,3,2,0,3,2,2,2,2,2,2,4,4,3,2,0,5,4,4,4,4,3,4,3,2,3,2,2,6,5,3,0,1,2,2,4,0,5,2,4,2,3,3,2,4,5,4,5,4
lightning,4,6,2,5,4,4,3,4,4,5,2,3,5,2,0,2,6,2,1,2,2,0,3,2,4,0,2,3,1,3,0,0,2,4,0,0,4,4,4,0,4,2,2,2,4,0,5,6,5,0,0,3,4,0,3,4,3,4,3,3,3,3,4,4,4,4,5,5
liked,4,4,4,4,4,4,4,4,5,4,3,4,5,4,4,6,3,4,5,4,4,2,2,4,4,4,4,5,5,3,4,4,5,5,4,4,4,3,3,4,4,4,4,6,4,4,4,5,5,6,6,5,6,4,4,3,5,3,5,4,3,4,4,5,6,5,4,3
limousine,5,4,2,4,4,6,0,3,2,3,2,5,4,3,3,4,2,2,4,2,2,4,0,4,3,3,3,2,2,1,4,3,0,1,0,4,2,2,4,1,3,3,5,2,5,3,4,4,4,4,1,2,3,2,3,0,4,3,4,2,2,2,2,4,4,2,4,3
lip,3,4,3,4,5,4,3,4,4,4,3,5,4,4,3,5,4,4,4,4,4,4,4,4,4,3,4,2,4,4,3,3,4,3,1,4,3,4,3,3,3,2,4,4,3,3,3,4,3,4,4,5,5,3,5,4,3,2,5,4,2,2,4,4,4,4,4,4
listened (to),4,3,3,2,3,4,4,4,4,4,4,3,3,4,4,2,2,2,4,3,2,2,3,4,4,4,3,5,4,5,2,2,0,2,0,4,4,4,4,1,3,4,3,4,5,5,5,4,4,6,4,5,5,4,5,2,4,4,4,4,3,3,2,4,4,5,4,4
lived,4,4,5,5,4,4,4,2,6,4,3,4,4,3,4,5,5,4,4,4,3,2,5,3,4,3,4,4,4,4,4,3,4,6,5,6,5,6,4,5,4,4,3,3,4,4,4,5,4,5,6,5,4,5,5,3,4,4,4,4,4,4,4,4,5,3,4,4
loan,4,3,3,2,4,4,3,5,3,5,3,3,4,2,3,3,3,3,3,4,3,4,3,4,4,3,2.,3,4,3,4,2,0,2,0,2,4,4,3,4,4,5,5,3,5,4,4,5,5,4,3,5,3,4,4,2,4,4,5,3,2,2,4,3,4,3,5,4
lonely,4,2,4,3,2,2,4,2,4,2,3,3,4,3,3,4,2,2,3,2,4,3,3,3,3,3,4,4,4,4,2,3,2,2,2,2,2,2,5,2,3,3,4,3,3,4,2,3,4,5,2,4,3,4,3,2,3,3,2,4,2,3,4,2,5,3,3,4
long,5,4,3,6,4,5,4,4,5,4,4,4,4,3,5,3,4,4,4,4,5,2,2,4,4,4,4,4,4,4,2,3,2,5,5,4,4,4,4,4,4,4,4,4,5,4,4,4,5,6,4,4,4,6,5,4,4,3,4,4,2,4,4,4,5,4,4,3
lost,5,4,4,4,4,5,4,4,4,3,4,3,4,4,4,4,4,5,3,4,4,2,4,3,4,4,4,3,3,3,4,4,4,2,2,4,3,4,4,4,3,5,4,3,3,5,3,5,4,3,3,4,4,6,5,4,4,4,4,3,3,4,4,3,5,5,4,5
loud,2,2,3,3,4,4,4,3,4,4,2,2,4,3,1,5,3,2,2,3,3,4,4,4,4,3,4,4,4,3,4,2,3,3,3,4,2,3,4,3,4,4,4,4,4,4,4,3,4,4,2,3,4,3,5,3,2,3,4,3,3,3,4,3,4,4,4,5
love,4,4,5,4,4,4,3,4,5,4,4,4,5,3,2,4,4,5,4,2,3,5,3,4,4,3,2,4,5,4,5,4,4,4,3,6,3,5,3,4,4,4,4,0,3,5,3,4,6,6,5,6,4,4,4,3,4,2,6,3,2,0,2,5,5,6,4,4
luck,4,3,3,3,3,4,4,3,3,4,2,2,4,3,4,4,3,4,2,2,4,4,3,4,3,3,2,3,2,2,3,1,3,3,3,4,4,3,3,4,3,4,4,2,4,3,4,4,4,3,3,3,3,2,4,4,4,4,4,3,2,3,3,3,4,4,4,4
lust,4,4,3,4,4,5,3,4,4,4,4,3,4,6,4,3,3,3,3,4,3,5,3,4,4,5,3,2,3,4,4,2,4,4,3,4,3,4,4,3,4,3,4,2,4,4,3,4,4,4,2,4,4,5,4,3,5,0,4,3,2,3,3,4,4,3,3,4
magazine,4,3,3,4,4,3,3,4,3,2,3,4,4,2,0,3,2,3,4,3,4,3,0,2,3,2,2,3,4,4,4,2,0,2,0,4,4,3,4,4,4,5,3,2,5,3,2,4,4,3,0,4,4,4,5,0,5,4,3,4,2,3,2,4,4,3,5,4
majority,4,4,4,5,4,5,4,3,3,4,3,4,4,6,3,3,4,4,5,4,4,4,4,3,4,3,2,4,4,3,4,4,3,5,3,5,4,4,4,4,3,3,4,4,4,4,4,4,4,5,3,4,3,6,5,3,5,3,5,4,2,3,3,4,3,5,4,4
malice,3,3,5,2,4,3,3,4,3,4,2,3,4,4,3,4,4,3,3,4,4,4,4,3,4,4,3,3,3,3,3,2,3,2,3,2,3,4,3,2,3,4,4,2,4,4,4,3,4,3,3,4,4,4,3,4,3,4,3,3,3,3,3,2,3,4,4,3
man,4,3,4,3,4,3,3,5,3,4,4,4,4,4,4,3,3,4,4,3,2,4,3,4,4,4,3,4,5,4,3,2,3,5,4,4,4,3,4,2,3,3,4,4,4,4,4,3,4,4,5,5,4,5,4,3,4,3,5,3,3,3,3,4,5,4,4,4
mandolin,5,4,4,4,4,3,4,4,4,4,4,4,4,3,0,4,2,4,4,2,4,2,0,5,4,2,4,4,6,2,2,2,0,6,0,4,4,4,4,4,4,3,3,4,4,3,3,5,4,5,0,2,3,4,3,1,5,0,4,1,0,0,2,4,4,4,4,3
marched,4,4,3,4,6,3,3,4,4,4,3,4,4,4,4,2,4,3,3,4,4,3,3,2,4,3,3,4,5,4,4,1,0,2,3,4,4,4,4,4,3,4,5,3,5,4,2,4,4,6,3,4,4,6,5,4,4,3,5,4,3,3,3,4,5,5,6,3
matinee,4,4,3,4,3,4,2,4,4,4,4,4,4,5,4,4,3,3,3,4,2,4,4,4,4,3,3,4,4,3,4,4,4,4,3,5,3,4,4,3,3,4,4,4,5,2,4,4,4,4,4,4,4,3,5,2,5,3,4,4,4,3,4,4,5,5,5,4
mayor,4,4,4,4,4,4,2,4,4,3,4,4,4,3,4,4,3,3,4,3,4,4,2,5,3,4,3,4,3,4,4,3,4,3,2,3,4,5,4,3,4,3,4,4,4,3,4,4,4,5,3,4,4,5,4,2,5,4,3,2,4,3,2,4,4,4,4,4
medicine,5,4,3,4,4,4,3,4,4,4,2,3,4,4,4,4,2,3,4,4,4,3,2,4,3,2,3,2,3,3,2,4,3,4,3,5,4,3,4,3,3,4,2,2,4,4,3,4,5,3,2,4,4,4,5,3,4,2,4,3,4,2,3,4,5,4,4,4
meeting,5,4,4,4,3,4,5,4,4,4,4,4,3,5,5,3,4,4,4,4,4,4,3,4,4,5,4,4,3,4,5,4,4,4,5,6,4,5,3,3,4,3,5,4,4,3,4,4,6,5,4,4,5,5,5,3,4,4,5,2,3,3,3,5,5,4,4,4
megaphone,3,3,4,4,4,4,2,4,3,4,4,5,4,3,2,4,2,3,3,3,5,4,2,4,4,4,3,4,3,3,0,2,6,4,0,4,3,4,3,2,4,3,3,0,3,4,2,4,5,4,0,5,3,2,5,2,4,2,4,3,3,2,2,3,3,3,5,3
mercy,4,3,4,3,4,4,3,4,4,4,2,4,3,4,4,3,4,4,2,2,4,2,3,5,3,3,2,3,3,2,4,2,2,3,3,3,2,4,2,3,3,4,4,3,3,3,4,5,4,5,4,5,4,4,4,2,4,2,5,4,4,2,4,4,4,5,4,4
met,5,4,3,3,6,4,3,4,3,4,5,2,5,5,5,4,4,4,4,5,5,2,4,4,4,4,4,3,4,4,3,5,4,3,2,4,5,4,4,4,5,4,6,4,4,4,2,5,6,4,4,6,4,5,5,3,4,4,4,3,3,3,3,5,5,5,4,4
minister,4,4,4,3,4,3,4,4,3,4,4,4,3,5,4,3,3,4,4,4,3,4,2,3,4,4,3,4,4,4,3,2,4,4,2,2,5,5,3,2,4,2,5,4,3,3,4,3,4,5,3,4,3,4,3,2,4,3,4,3,3,2,2,4,5,4,4,2
mob,5,4,4,3,4,4,4,4,4,4,4,3,4,3,3,4,4,4,4,3,4,3,3,4,4,4,4,4,3,4,4,3,4,3,2,4,3,4,4,3,4,4,3,2,4,4,4,4,4,4,3,4,3,4,4,4,5,4,4,4,3,3,4,4,3,5,5,5
monkey,3,5,4,4,3,4,3,4,4,4,4,4,4,4,3,4,3,4,3,3,4,4,4,3,4,3,4,4,3,3,3,2,4,4,5,3,5,4,2,4,4,4,3,3,3,3,2,4,4,2,4,4,3,4,3,2,4,1,3,4,2,3,4,4,3,5,4,4
moose,3,4,5,2,4,5,2,5,5,4,3,5,5,2,3,4,3,3,3,4,3,6,3,2,3,4,3,2,4,2,4,2,2,1,2,5,4,5,3,0,3,3,2,2,4,3,4,4,4,4,2,3,1,3,3,4,3,2,4,2,2,2,2,4,3,2,4,2
moral,4,2,4,4,4,4,4,4,3,5,3,4,4,3,5,4,2,3,5,3,4,3,4,4,5,3,4,4,3,3,4,3,3,3,4,4,3,4,3,3,3,4,3,4,4,4,3,4,4,5,4,4,4,4,5,3,4,3,4,4,4,4,4,5,5,6,4,4
morning,4,4,3,4,4,3,3,4,3,4,3,3,3,5,2,4,3,4,4,3,3,2,2,4,4,2,1,4,3,3,2,5,4,2,2,2,2,3,4,3,4,4,4,4,4,2,5,6,4,2,2,4,3,3,4,1,4,4,5,3,2,2,2,3,5,5,4,4
mosquito,4,4,6,2,4,3,4,4,3,4,3,3,5,2,2,4,2,2,1,4,4,2,5,3,3,4,4,4,2,3,5,2,2,1,1,1,2,2,3,2,5,3,2,2,4,1,3,4,4,4,2,2,2,2,2,4,1,4,2,3,3,4,4,3,4,2,3,2
motive,4,5,5,5,4,4,3,3,4,4,4,4,3,4,3,4,3,4,4,3,5,4,3,4,4,3,3,3,4,4,4,3,2,3,3,4,3,4,4,3,4,4,4,4,4,4,3,4,4,4,3,4,5,5,4,2,4,2,5,4,3,4,4,4,4,5,5,5
mountain,3,4,4,4,5,4,2,4,4,2,3,5,4,2,2,4,2,3,2,4,4,6,2,3,4,3,4,2,3.,0,0,2,2,1,2,5,4,2,5,3,3,4,4,4,1,2,1,4,4,2,0,4,3,2,4,2,4,2,4,3,3,3,2,4,5,5,4,3
mouse,4,4,3,4,4,3,5,4,3,4,3,5,3,2,2,5,2,3,4,3,3,4,2,3,4,2,4,4,2,3,3,2,2,4,1,4,4,4,3,2,4,3,3,4,4,2,2,4,4,4,2,4,4,2,4,3,4,3,6,3,3,4,3,3,3,5,6,3
mouth,4,4,4,3,2,4,2,3,4,4,3,4,4,5,1,3,4,3,4,3,4,3,3,3,3,4,4,3,3,3,3,3,4,2,2,5,5,3,4,4,4,3,3,4,4,2,3,3,4,3,3,5,3,5,4,4,4,2,6,3,4,3,4,3,4,4,4,3
muscle,3,4,3,3,5,4,4,3,3,5,3,3,5,4,3,4,3,3,4,2,4,4,4,3,4,4,4,4,2,3,3,4,4,4,4,5,3,3,3,4,4,5,4,4,4,4,4,5,4,4,2,4,4,1,4,3,4,3,6,3,4,2,5,4,4,5,4,4
mushroom,4,4,4,5,4,4,4,3,4,3,3,5,4,4,2,5,2,3,3,4,4,4,1,2,3,2,2,2,3,2,4,4,0,0,2,3,3,3,4,2,4,3,3,4,5,4,4,3,4,4,0,1,2,3,4,2,4,2,5,3,2,4,3,4,4,4,3,3
musical,3,3,2,4,3,3,2,4,3,4,4,4,4,3,4,4,2,3,4,3,4,2,2,4,3,3,4,4,4,3,4,3,3,6,2,3,3,4,3,4,4,4,4,2,4,2,4,4,4,5,4,5,4,4,4,2,4,2,5,4,4,1,2,4,6,4,4,4
mustard,3,4,4,5,4,2,4,3,2,4,2,2,3,2,0,4,3,2,4,3,3,2,0,3,3,2,2,0,0,3,5,4,3,2,0,4,4,2,4,4,1,4,3,4,3,2,3,4,4,3,0,3,2,1,4,0,3,3,5,2,3,4,2,2,5,2,4,2
mystery,5,3,4,3,4,5,3,4,4,4,3,4,5,4,4,4,3,3,3,3,4,3,3,4,3,3,5,3,4,4,4,2,3,4,4,3,4,4,3,4,3,4,4,3,6,4,6,4,5,4,2,3,4,5,4,3,5,2,4,3,3,2,3,4,5,6,4,3
negotiated,4,4,5,3,5,5,4,4,5,3,3,3,5,4,4,5,4,4,4,4,4,3,3,4,4,4,3,4,4,5,4,4,3,6,5,5,4,4,5,5,4,3,5,4,4,4,4,4,5,4,6,6,5,5,4,3,4,4,4,4,4,3,4,3,4,6,5,4
new,5,3,4,4,4,4,3,4,6,4,4,4,4,3,4,3,2,4,4,5,4,3,3,3,3,3,4,5,4,4,4,4,2,6,4,4,4,3,4,4,4,4,4,5,5,3,5,5,3,6,4,3,4,4,5,4,5,3,5,2,3,3,3,5,4,4,4,5
newspaper,4,3,4,4,4,4,4,5,2,4,2,4,4,2,2,4,2,2,2,3,3,3,1,2,4,2,2,2,2,1,3,4,2,2,0,5,4,4,5,4,2,2,5,4,3,4,4,3,3,5,0,4,2,3,4,1,4,3,4,3,2,2,1,4,4,4,4,3
night,4,0,5,3,3,2,3,4,3,4,4,4,3,3,4,3,2,5,4,2,4,2,2,3,3,2,2,3,4,2,2,4,2,2,2,2,2,3,4,2,3,5,2,4,6,3,4,5.,4,1,0,4,4,3,3,3,4,3,4,3,2,2,4,3,4,4,3,2
nose,3,4,3,3,3,3,2,4,3,4,4,5,4,2,3,5,3,4,4,4,3,4,3,0,4,2,3,0,3,4,3,6,2,4,2,6,2,4,3,3,4,2,3,4,4,1,2,4,4,5,0,5,3,1,4,3,4,4,4,2,4,4,4,4,5,5,5,4
noun,4,4,4,4,4,5,4,4,3,4,4,5,4,2,3,5,5,3,4,4,4,3,3,4,2,4,4,4,4,4,5,4,4,5,5,6,3,4,3,4,4,4,5,4,4,3,4,4,4,4,2,4,3,5,4,4,3,4,5,4,3,3,4,4,5,4,4,4
number,4,3,4,3,4,4,4,3,3,4,4,4,4,3,2,4,3,4,3,3,4,4,3,3,4,4,3,3,5,3,4,3,4,4,2,3,4,4,3,4,4,4,3,3,3,3,3,4,4,4,0,5,4,5,4,2,5,1,4,2,3,3,3,3,5,4,4,3
oak,3,4,4,4,4,4,4,5,4,4,4,5,6,2,2,4,2,4,4,4,3,4,0,2,3,4,3,3,2,3,5,4,1,2,4,4,4,3,5,4,2,2,3,3,4,4,2,4,3,4,0,4,3,4,3,2,4,3,4,3,2,2,4,3,5,3,4,3
office,4,4,4,3,4,4,4,4,4,5,2,4,4,4,2,4,3,3,4,2,5,5,2,4,4,2,3,3,2,2,4,4,2,3,2,6,4,4,4,4,5,3,4,4,6,4,3,3,4,5,3,4,4,5,5,2,4,4,4,2,2,2,3,4,4,3,3,4
old,3,3,5,4,4,4,4,4,2,2,4,4,4,3,3,3,4,3,4,4,3,2,2,4,4,4,3,4,4,5,2,2,5,2,2,4,3,3,4,3,2,2,4,4,5,4,4,4,5,6,5,3,3,4,5,4,2,4,4,4,2,3,3,4,4,2,4,4
opened,3,6,4,3,4,3,3,3,4,3,4,4,4,4,4,5,4,4,4,4,3,3,3,4,4,3,4,4,4,2,4,4,4,4,4,5,5,4,4,4,3,4,3,3,5,3,4,5,4,6,4,6,5,6,6,3,4,4,5,3,3,3,4,4,5,6,4,4
optimism,5,5,4,4,4,4,3,4,4,3,4,3,3,5,3,4,4,2,4,2,4,4,3,4,5,3,3,4,5,4,4,3,2,3,2,4,4,4,3,3,5,5,5,2,2,4,2,4,4,3,4,4,4,5,5,2,5,2,5,2,2,0,2,4,5,5,5,5
oration,3,4,3,2,4,4,3.,3,3,4,3,4,3,2,2,2,2,3,2,2,3,2,2,4,3,4,2,3,3,4,2,2,4,5,2,2,2,4,3,4,4,4,3,2,4,2,4,3,4,6,2,4,3,5,4,3,5,4,3,4,3,4,4,4,5,4,4,3
pan,3,4,4,2,4,4,3,4,2,4,4,4,4,4,2,4,3,4,4,4,3,4,3,4,4,4,4,4,4,3,3,3,2,4,3,4,4,4,3,5,4,5,4,4,5,4,3,4,4,5,3,5,3,3,4,4,5,3,4,4,3,3,3,4.,4,5,3,5
parade,4,4,3,4,4,5,4,4,3,4,4,5,4,3,3,4,2,3,4,2,4,4,0,4,3,3,2,4,3,3,2,3,4,4,2,2,4,4,4,3,4,4,4,4,5,4,4,4,5,5,3,3,4,3,5,2,4,3,5,3,2,2,3,5,3,5,4,4
paradox,3,3,3,2,2,4,3,5,3,4,3,2,4,4,3,2,5,2,3,2,4,2,3,4,4,3,3,2,2,3,3,3,4,2,4,3,3,4,3,4,4,4,5,2,3,3,4,3,4,4,2,4,4,5,4,4,3,4,4,4,4,4,3,4,4,5,4,4
parent,4,4,4,4,4,4,4,4,3,4,4,5,4,3,3,4,3,2,4,3,4,4,3,5,4,4,4,4,4,2,4,4,4,4,2,3,4,4,5,5,5,3,4,4,4,5,4,4,5,4,3,4,4,5,5,4,4,3,4,2,2,2,3,3,4,4,5,4
park,5,4,4,4,4,5,4,4,4,4,4,4,4,2,3,3,2,3,4,3,4,4,1,4,4,2,3,4,4,2,3,4,2,2,3,5,6,4,5,4,4,3,4,4,4,4.,2,5,4,4,0,3,4,3,4,0,4,2,5,2,0,3,2,3,3,4,4,4
party,4,4,4,4,5,4,3,4,4,5,2,5,1,3,4,3,3,4,5,4,4,4,3,4,4,4,4,4,4,3,4,3,4,4,4,5,3,3,3,4,5,5,5,4,4,3,4,4,4,6,3,4,4,5,5,3,4,3,4,4,4,3,4,4,4,5,4,4
patent,4,4,4,4,3,3,4,4,3,5,4,4,3,4,3,3,3,3,4,3,4,3,3,4,3,3,3,4,3,3,4,4,3,3,4,4,3,3,4,4,4,4,4,3,4,4,4,5,5,4,3,4,3,4,5,2,4,4,4,3,2,3,3,3,5,4,4,4
patient,5,3,4,4,4,4,3,4,4,3,3,4,4,4,4,4,4,4,4,4,4,5,3,4,4,2,4,4,4,4,4,3,4,4,4,4,4,4,4,3,4,3,4,4,4,4,3,4,4,5,4,4,5,4,4,3,4,3,2,2,3,3,3,3,4,4,5,4
pea,6,4,4,4,4,3,4,4,4,3,3,5,4,2,2,4,3,4,4,2,5,2,2,4,3,2,2,3,3,3,4,3,3,4,2,4,4,4,2,2,3,4,3,4,4,4,4,4,4,6,1,3,3,5,5,2,4,2,4,3,2,2,4,5,5,4,4,4
peace,5,4,1,3,4,4,4,4,4,4,3,3,3,3,2,4,2,2,5,2,5,3,2,4,2,2,2,4,4,4,2,2,3,3,1,5,3,3,4,4,3,4,2,4,3,4,2,4,4,4,3,4,5,5,5,3,6,3,5,1,2,2,3,2,2,4,4,2
peaceful,4,4,4,5,4,5,5,4,3,4,4,5,4,4,3,4,4,4,4,4,4,5,5,5,2,4,4,5,4,5,4,4,2,1,4,4,4,5,6,4,4,5,4,4,5,4,5,4,4,4,4,4,4,5,6,4,5,2,5,4,4,4,4,3,4,4,5,2
pen,4,3,4,5,4,3,4,3,3,5,4,3,4,3,0,5,3,3,4,4,3,4,0,3,3,2.,3,3,2,2,0,2,0,6,0,6,4,4,3,5,3,3,5,4,4,0,4,4,3,5,0,6,4,2,5,2,5,2,4,3,2,2,2,3,4,5,5,3
pencil,6,5,4,3,4,2,4,4,3,4,3,6,4,0,0,5,2,2,4,2,4,3,1,2,2,2,2,2,1,2,0,3,0,5,0,6,2,3,2,6,3,3,4,3,4,2,2,4,4,3,0,6,2,2,5,0,4,2,5,2,3,2,2,2,4,3,4,3
penguin,4,4,4,4,4,3,4,4,4,4,3,3,4,2,2,3,2,2,4,3,4,4,0,4,3,3,2,4,3,3,3,2,2,0,4,2,4,4,4,2,3,4,4,4,3,3,2,3,3,2,2,2,2,2,4,0,4,0,6,4,2,2,2,4,3,3,4,2
perjury,4,4,3,1,2,3,3,4,2,3,3,2,4,4,4,2,3,3,2,3,2,6,3,3,2,3,3,2,2,4,2,2,2,4,2,0,3,4,3,3,3,3,4,3,3,2,4,4,5,4,2,2,3,4,4,4,4,2,5,4,4,5,3,3,4,3,4,2
piano,4,3,4,3,4,4,3,4,2,5,4,5,3,2,2,4,3,2,4,4,3,5,2,6,3,4,4,6,4,1,0,1,0,6,2,4,4,4,5,4,4,4,3,4,4,4,4,3,5,4,1,4,4,5,5,0,6,3,5,2,0,0,2,3,4,6,5,4
pie,3,4,3,4,3,4,4,4,4,4,3,4,3,3,2,4,4,4,3,4,3,4,2,0,3,0,2,4,2,2,4,4,3,2,0,3,4,4,5,3,4,4,3,3,3,2,2,4,4,5,0,2,2,2,5,2,5,3,5,3,4,4,4,2,4,4,4,4
pig,2,4,4,3,3,4,4,3,4,4,3,4,4,3,3,4,4,4,4,3,4,5,4,3,4,3,4,4,4,3,4,3,4,1,2,3,3,5,3,4,4,4,2,3,4,3,3,4,4,4,2,5,2,3,3,2,3,3,6,3,2,4,3,3,4,5,4,2
pilot,4,4,4,4,3,4,2,4,4,4,4,4,4,4,4,3,3,3,3,4,3,4,3,5,3,4,3,4,4,3,4,4,4,5,2,3,3,3,5,5,3,2,4,5,4,4,4,4,5,4,3,4,4,5,5,2,3,2,4,4,4,2,4,4,5,4,4,3
pineapple,5,5,3,4,4,4,4,4,3,3,3,4,4,2,0,4,2,4,5,4,3,4,2,2,3,3,2,3,2,3,5,6,3,0,0,4,2,3,2,2,4,2,3,4,3,2,2,3,4,3,0,3,2,3,5,2,6,2,4,3,1,4,0,4,3,4,4,5
plane,5,4,4,4,4,4,4,4,3,3,4,5,4,2,3,4,3,3,4,3,4,4,2,4,4,2,2,4,2,3,2,2,3,3,4,5,4,4,4,4,4,5,3,3,5,2,4,4,3,4,0,5,4,5,4,3,5,3,5,3,2,2,3,4,4,4,4,3
planned,4,4,4,4,5,4,4,5,5,4,4,4,4,4,3,4,2,4,3,2,4,3,3,3,5,4,4,3,4,4,3,3,6,4,6,5,4,5,5,3,3,4,3,4,3,5,3,4,3,5,5,4,4,5,5,3,6,3,5,4,3,4,4,4,4,5,4,4
played,4,4,4,4,3,4,4,4,4,4,3,3,3,4,4,4,5,4,4,4,4,3,4,4,5,4,3,5,4,4,3,5,3,4,6,6,4,4,4,3,4,4,4,4,4,5,3,5,6,5,5,6,3,5,4,3,5,3,5,5,3,3.,4,4,5,5,4,4
plea,4,6,4,4,4,4,4,4,3,4,4,4,4,3,3,4,3,3,4,3,4,3,4,3,4,3,4,5,4,4,4,4,3,4,3,4,5,4,4,4,3,3,4,3,2,4,3,4,4,6,3,3,4,5,5,5,5,4,5,3,3,3,4,4,4,4,5,4
plot,4,4,5,4,4,4,3,4,4,4,4,3,4,5,3,2,3,4,4,3,3,4,3,4,3,3,4,5,4,4,4,4,4,2,4,4,5,4,4,3,4,4,4,3,4,4,4,4,5,4,4,3,4,4,4,2,4,4,5,3,3,2,3,3,5,4,4,4
plum,5,4,3,4,5,3,3,5,4,3,4,4,4,2,2,3,3,3,4,3,4,3,2,3,4,3,3,2,3,3,4,3,3,2,4,4,4,3,3,4,4,4,3,3,3,4,3,4,4,5,0,4,4,3,4,4,4,2,5,4,2,2,3,4,4,4,4,3
policeman,4,4,5,4,4,3,3,4,3,4,3,5,3,4,4,3,2,3,3,4,4,4,2,4,3,4,3,3,3,3,4,4,2,2,2,3,3,4,4,2,4,3,5,3,5,3,4,4,4,5,3,4,3,3,4,3,2,3,3,2,3,2,2,2,4,3,4,2
politician,4,5,3,4,2,2,3,4,4,4,2,3,5,4,4,2,4,2,3,2,3,4,2,4,4,3,4,3,2,3,5,2,4,2,2,1,3,3,4,3,3,3,4,2,4,3,5,4,4,4,6,4,3,5,5,3,2,4,2,2,4,3,2,3,4,2,4,4
power,4,4,4,4,4,4,2,4,4,4,4,4,4,3,3,4,4,3,2,2,4,4,3,6,4,4,4,4,4,3,4,3,4,4,3,3,3,3,4,3,4,3,4,2,4,4,3,4,4,5,3,4,4,4,6,4,4,5,5,4,3,4,3,3,4,5,4,4
powerful,5,4,5,3,4,5,4,4,5,4,4,4,4,4,4,3,4,5,4,3,4,4,5,6,4,6,5,5,4,5,5,4,3,4,5,5,4,4,5,5,5,4,3,5,4,5,4,5,4,4,3,4,4,5,5,4,5,4,4,4,3,4,3,4,5,5,4,4
prairie,5,4,4,4,5,4,2,4,3,4,4,5,4,2,2,4,4,2,4,4,4,3,2,4,3,4,3,5,4,4,3,4,2,2,2,4,4,4,4,4,4,4,5,3,4,3,3,4,3,3,0,4,4,4,4,2,4,4,4,3,3,3,4,4,3,4,3,4
priest,4,4,4,3,5,4,2,4,4,4,4,4,3,4,3,2,3,4,4,2,4,3,2,4,3,3,3,4,4,4,4,3,2,3,0,2,3,4,4,2,3,2,2,6,4,5,3,4,4,5,4,4,4,3,3,0,4,2,4,3,1,2,2,4,4,4,4,4
prison,3,4,4,4,4,4,4,4,4,3,2,4,4,3,3,4,3,4,4,3,2,3,4,4,4,3,3,2,2,4,2,4,3,2,2,5,4,3,4,4,3,4,3,2,5,5,3,4,4,4,2,2,2,4,4,4,4,4,4,4,4,3,4,2,4,3,4,2
problem,3,4,3,3,3,4,3,4,3,5,3,4,3,6,3,3,4,3,4,3,3,3,5,5,4,4,4,4,3,3,4,3,4,4,5,4,3,4,4,3,3,4,3,2,4,4,3,5,4,5,0,5,4,6,4,4,4,4,4,4,4,3,4,3,4,4,4,5
protest,4,4,4,4,4,6,3,5,4,5,2,4,4,5,3,2,3,4,3,4,3,4,3,4,4,4,4,4,3,3,4,4,4,4,2,3,4,4,4,4,4,3,4,4,4,4,4,5,5,5,4,5,3,4,4,4,4,4,3,2,3,3,4,4,5,4,4,4
pumpkin,4,3,3,4,5,4,5,5,2,3,4,6,3,4,1,6,4,3,3,3,3,3,0,3,2,4,2,2,4,2,4,4,2,0,0,5,3,5,4,2,3,3,6,5,4,3,4,4,3,4,0,5,2,1,4,0,6,2,5,2,0,3,3,3,4,2,4,1
put,4,4,3,3,5,4,4,6,6,4,4,3,4,3,4,4,4,4,4,4,5,4,5,4,5,3,4,4,4,5,4,4,4,5,5,6,4,5,5,4,2,5,4,4,4,4,4,6,5,4,5,6,4,5,5,3,4,4,4,3,4,4,5,4,5,6,4,4
quantity,4,4,3,4,4,5,4,3,3,4,3,3,4,2,2,5,4,3,4,3,4,5,4,3,4,2,3,4,3,2,3,3,4,4,3,4,4,4,3,4,4,4,4,4,5,2,3,5,6,4,0,6,5,3,4,3,4,3,5,3,4,2,3,4,4,6,4,3
radish,3,4,4,4,4,4,4,4,3,3,3,4,3,2,2,5,3,3,4,4,3,3,1,0,2,2,2,3,2,2,5,4,0,2,0,3,4,3,4,2,4,2,2,3,5,2,4,4,4,4,0,2,2,4,4,0,4,2,3,2,2,2,3,4,6,3,4,3
rake,3,4,4,3,3,4,3,4,3,4,4,4,4,2,3,4,3,3,3,3,4,3,2,4,3,4,2,3,3,2,3,2,2,4,2,6,4,5,3,3,3,4,4,3,4,4,3,3,5,4,2,3,4,4,5,3,4,3,5,3,2,3,2,4,4,5,4,4
rally,5,4,5,3,4,4,5,3,4,3,3,3,4,4,3,4,4,4,4,3,5,4,3,4,4,3,4,4,2,3,4,4,4,5,4,5,4,4,4,4,4,3,4,4,4,4,4,5,4,5,5,5,4,4,4,4,5,3,4,4,4,3,4,4,5,4,4,3
ran,4,4,4,4,3,3,4,3,4,5,5,4,4,3,4,3,4,4,5,4,3,3,3,3,2,4,4,4,2,4,4,2,2,4,4,6,4,4,3,4,3,4,4,3,4,4,3,4,4,3,4,5,4,6,5,2,4,4,4,4,3,3,5,3,4,5,4,4
raspberry,4,3,3,5,4,4,3,3,4,3,4,4,4,3,2,4,3,2,4,4,4,2,0,6,4,4,4,4,4,3,6,6,4,1,0,3,4,3,4,4,4,3,3,4,4,4,2,5,4,3,2,2,2,3,3,0,6,2,5,2,2,1,2,3,4,3,4,3
read,4,4,4,3,3,2,4,4,5,4,4,4,6,3,4,6,2,2,4,3,2,3,2,2,4,4,2,4,3,3,2,2,2,4,2,6,4,3,4,4,4,3,4,3,4,4,4,5,4,4,6,6,3,5,3,4,5,4,4,3,2,2,3,4,5,5,6,4
reality,4,4,4,4,4,4,4,4,5,4,4,3,4,4,5,4,3,4,3,4,4,4,4,4,4,2,4,4,4,4,4,4,4,4,4,4,5,4,4,4,3,3,4,3,5,3,4,5,5,4,3,6,5,6,4,4,3,3,4,3,4,4,3,4,5,2,4,4
red,4,3,4,4,4,3,2,4,3,3,3,3,4,4,2,3,4,2,4,2,3,3,3,3,3,5,4,4,3,4,3,2,4,3,2,3,4,6,4,4,3,3,3,3,3,2,3,3,3,3,3,3,5,4,4,3,5,3,5,2,4,3,4,2,5,4,4,4
reporter,5,3,4,3,6,2,4,4,3,4,3,4,4,4,3,3,4,3,4,3,4,2,3,5,3,3,3,5,3,5,4,3,2,4,2,5,4,4,4,3,3,3,4,3,4,4,2,4,4,5,5,4,4,5,5,0,4,2,4,2,2,2,2,4,4,4,4,5
restaurant,4,4,5,4,6,4,4,5,3,4,3,3,4,2,3,6,3,4,3,2,3,3,0,4,4,4,2,3,2,2,5,4,2,1,1,5,6,4,5,4,3,3,4,4,4,3,3,5,4,6,4,2,2,4,4,1,5,3,4,2,2,2,2,4,4,4,4,2
ricochet,4,4,4,4,4,3,3,4,4,5,2,3,4,2,3,4,4,4,3,3,4,3.,3,3,4,4,4,4,4,3,4,2,3,3,3,4,4,5,4,4,5,5,3,2,4,3,3.,4,4,3,2,4,4,4,4,3,4,3,5,3,3,3,3,4,4,4,4,5
riot,3,3,4,4,4,4,3,4,4,4,3,4,4,3,5,4,4,4,4,3,4,6,3,3,4,3,4,4,3,4,4,4,2,2,1,3,4,3,4,4,3,4,3,2,4,2,4,4,4,6,3,4,2,4,4,4,5,2,3,3,3,2,2,3,4,5,4,4
river,4,4,3,3,3,5,2,4,4,4,4,4,5,2,0,4,2,4,3,3,3,2,2,4,4,4,2,4,5,2,2,4,2,3,2,4,5,4,4,3,3,5,3,4,3,4,2,4,4,4,1,2,3,3,3,3,5,3,3,4,4,0,2,4,4,4,4,4
rocket,3,4,5,4,5,4,3,4,4,6,3,5,4,4,1,4,3,4,4,3,5,6,2,2,4,3,4,4,2,2,3,3,0,2,0,4,4,4,4,4,4,4,3,3,4,3,4,4,4,3,0,2,4,3,4,4,5,2,4,2,3,3,3,4,5,4,4,5
role,4,4,5,3,4,4,4,4,5,4,4,4,5,4,4,5,4,3,5,3,4,2,3,4,4,2,4,4,4,3,4,3,5,5,4,5,4,3,4,5,3,3,4,4,4,4,3,4,5,4,4,5,4,4,5,4,4,5,4,3,3,4,3,4,3,3,4,4
rose,4,4,5,5,4,3,4,4,4,4,4,4,4,5,2,3,2,4,2,4,2,2,1,3,4,3,2,4,2,4,4,4,1,2,0,5,3,4,4,4,3,4,3,4,4,5,4,4,3,6,1,5,4,6,4,1,5,3,5,4,4,2,1,4,4,4,5,4
rum,4,4,4,5,4,3,3,4,4,4,3,3,4,2,2,4,2,3,4,4,3,3,2,3,4,3,3,3,3,3,5,5,1,4,0,4,3,4,3,2,3,3,5,3,4,4,3,5,4,6,0,2,4,2,4,3,4,3,4,2,3,4,2,4,4,4,4,3
rumor,4,3,4,3,3,4,3,4,4,6,3,3,5,4,3,4,3,3,3,2,2,5,3,4,4,3,3,4,4,4,2,4,3,3,2,2,3,4,5,3,4,3,4,4,4,3,3,4,4,4,3,4,3,5,4,4,4,2,4,4,5,4,4,4,4,4,5,5
sailboat,4,4,3,4,4,5,3,4,4,4,4,5,4,2,0,4,2,3,3,2,4,4,2,2,2,2,2,3,2,1,2,2,0,1,0,4,2,6,4,2,4,4,4,2,5,3,4,4,4,4,2,1,3,2,4,0,4,0,4,2,0,0,0,2,4,3,4,4
salmon,4,4,3,4,5,4,4,4,4,4,4,4,4,3,2,4,3,4,4,3,4,4,0,2,2,2,2,3,2,2,4,4,2,2,0,2,4,3,4,2,5,4,3,4,4,3,3,4,4,6,2,4,3,4,5,0,3,3,4,2,2,2,2,4,4,4,4,3
sandpaper,3,2,3,2,5,4,4,4,2,3,2,4,3,2,0,4,2,2,2,4,4,3,2,3,4,2,4,4,2,1,0,1,1,3,2,4,5,2,4,2,3,5,3,2,4,2,3,4,4,1,0,0,2,0,4,3,2,4,2,3,3,4,2,2,4,2,3,2
satire,5,4,5,5,4,4,3,4,4,4,4,4,4,3,4,4,3,3,3,4,4,4,3,4,4,4,4,4,4,4,5,2,4,4,4,4,4,4,3,3,3,2,4,4,4,4,3,4,4,4,4,4,3,3,5,4,4,3,4,2,2,4,4,4,4,4,5,3
saw,4,5,5,3,4,3,4,3,4,4,4,5,4,4,3,4,4,3,3,4,4,5,4,4,4,4,4,4,3,2,2,3,0,6,2,6,4,3,6,6,3,4,3,3,4,3,4,5,6,3,6,4,4,5,4,4,4,3,5,3,1,4,3,4,4,4,6,4
saxophone,4,2,3,4,4,4,3,4,3,4,3,4,4,2,3,4,3,2,4,2,4,4,0,5,4,4,4,6,6,4,0,2,4,4,0,4,2,4,4,3,4,5,4,4,5.,3,4,5,4,5,0,4,4,4,4,0,4,1,4,3,2,0,0,3,4,5,4,4
school,5,4,4,4,4,3,4,4,3,4,2,4,5,3,2,4,2,2,3,4,2,4,3,2,5,2,3,3,5,2,3,4,2,2,0,6,5,4,4,4,4,4,5,4,5,5,4,4,4,6,3,4,4,5,6,2,3,3,4,3,4,3,4,4,4,3,4,4
scientist,4,4,4,4,3,1,6,4,2,3,4,3,4,5,3,4,3,3,3,3,5,2,2,4,4,4,3,2,2,3,4,2,2,2,2,3,3,5,4,2,4,2,6,4,2,3,2,4,4,4,2,3,3,6,5,0,4,2,4,0,2,2,2,3,4,4,4,4
scissors,4,2,3,2,4,5,3,3,2,4,3,4,3,3,2,4,2,3,3,3,4,3,1,2,4,2,2,3,2,0,0,0,1,5,1,6,2,4,2,4.,3,4,2,2,4,0,2,5,4,2,0,3,2,1,5,2,4,3,5,3,3,2,2,2,3,5,4,3
scooter,4,3,3,3,4,3,5,4,4,4,4,4,4,3,2,4,4,3,4,3,4,4,2,4,4,3,4,4,2,2,2,2,1,3,6,4,4,4,4,4,4,4,4,2,3,2,2,4,4,3,0,2,3,2,5,3,3,3,4,3,1,0,3,3,4,4,4,3
scream,4,4,5,3,4,4,4,4,4,4,4,3,4,5,3,4,3,3,3,3,4,4,4,4,3,3,4,4,3,4,5,4,5,2,2,4,4,5,5,4,4,4,3,3,4,3,4,4,4,3,0,6,4,3,4,4,4,3,3,3,4,3,2,4,4,5,5,5
screech,3,4,4,3,4,4,4,4,3,4,4,4,4,3,2,4,3,3,4,4,5,3,4,4,4,3,4,5,3,3,3,2,4,4,2,4,5,4,4,2,4,4,4,4,5,2,3,3,5,5,3,4,4,4,5,4,4,4,4,4,5,4,3,3,3,4,5,5
semester,4,6,4,4,4,4,3,4,4,4,3,4,4,2,1,4,3,4,3,4,3,4,4,3,3,2,3,4,4,3,4,4,2,2,3,2,4,4,3,4,5,4,6,5,5,4,4,4,4,4,2,5,5,4,4,0,5,2,4,4,3,2,3,4,4,4,3,4
shame,4,4,4,2,4,4,4,2,3,4,3,4,4,4,5,3,3,3,4,3,5,4,4,4,2,2,2,3,3,4,2,3,4,4,3,4,2,4,3,2,4,5,3,2,3,2,3,5,4,4,2,5,4,5,4,4,4,4,2,4,4,4,2,2,4,2,4,4
shelves,4,4,4,3,3,4,4,4,3,4,3,5,4,2,2,4,3,2,4,4,4,4,2,2,3,3,2,2,2,2,1,2,2,2,1,5,4,4,5,4,3,2,4,4,3,2,3,4,4,3,0,2,3,5,5,0,5,3,4,2,4,4,2,3,4,5,4,1
shiny,4,4,2,3,4,3,2,3,4,4,3,3,4,3,4,4,4,4,4,3,3,1,3,3,2,3,3,3,4,3,2,2,2,4,0,5,3,2,5,3,4,3,4,2,3,4,4,4,4,4,3,4,3,3,5,4,4,2,4,4,2,4,2,4,4,4,4,3
shoulder,5,3,3,4,4,4,2,4,4,4,3,4,4,2,4,4,4,3,4,3,4,4,4,3,2,2,3,3,4,3,4,2,2,4,2,6,4,4,4,4,4,3,3,4,4,4,2,4,4,6,2,4,5,2,5,2,4,3,5,2,1,2,3,4,4,4,5,4
shouted,3,2,3,3,4,4,3,4,4,4,3,4,4,3,4,4,2,2,3,3,2,3,3,5,5,3,4,4,4,6,1,2,2,4,4,5,4,4,4,4,4,4,5,3,2,2,3,5,4,4,4,5,4,6,5,4,4,4,4,2,3,4,4,4,5,5,4,3
sick,4,4,4,5,4,4,5,3,4,4,2,4,3,4,3,4,4,4,4,3,4,4,3,4,4,3,3,4,4,3,2,3,4,4,3,4,3,3,4,3,4,4,4,3,4,4,4,3,4,4,3,4,5,3,5,3,3,3,5,4,3,4,4,3,5,3,5,3
sin,4,3,4,3,4,4,4,4,2,4,4,3,4,3,4,3,4,3,3,3,4,4,3,4,2,4,3,3,3,4,4,3,3,3,2,3,4,2,4,4,4,4,3,2,3,2,3,4,5,4,4,4,3,4,4,4,3,3,3,3,4,5,4,4,5,4,4,3
sled,5,4,4,4,4,4,3,5,3,4,3,5,3,2,2,5,3,4,3,4,4,3,2,3,4,4,3,2,4,0,0,0,0,2,3,4,3,4,3,3,4,4,4,4,4,2,4,5,5,2,0,4,3,2,4,2,4,3,4,4,4,3,3,4,4,3,4,4
slept,4,2,4,3,3,3,2,3,4,3,4,4,4,3,4,3,2,3,4,2,4,3,3,4,4,2,3,4,2,2,3,2,1,2,0,6,4,4,5,4,3,5,3,5,4,6,4,4,5,3,2,4,4,4,6,3,6,2,4,4,3,4,2,3,4,6,4,1
small,4,3,3,2,4,4,4,4,4,4,4,2,3,3,4,4,4,4,4,4,4,3,2,4,4,4,3,3,2,4,4,4,4,4,4,4,2,2,4,4,2,4,3,3,4,4,3,3,4,4,3,4,4,4,5,4,5,4,4,3,2,2,4,4,4,2,4,3
snake,3,4,4,4,4,5,3,3,4,4,3,4,4,3,3,3,3,4,4,4,4,5,3,3,2,3,2,3,2,3,4,2,2,2,2,5,3,4,2,2,4,4,3,2,4,3,2,4,4,4,1,3,4,5,3,3,4,4,4,3,4,4,5,4,4,4,4,4
snub,4,4,4,4,4,4,4,3.,4,4,4,4,4,5,3,4,3,3,4,4,5,4,4,4,3,3,3,4,3,4,3,2,4,3,2,3.,1,4,3,4,4,4,2,3,4,1,3,4,4,4,3,4,4,5,4,4,4,3,4,4,3,4,4,3,4,3,4,4
soccer,5,3,2,4,4,5,4,6,5,4,3,4,4,3,2,4,2,3,4,4,3,2,2,4,4,3,2,4,3,4,2,2,0,0,5,4,3,4,5,3,3,4,5,4,4,4,4,4,5,6,0,4,3,4,4,0,5,2,5,2,2,0,0,3,4,4,4,5
soft,4,5,3,4,3,3,3,3,5,4,2,3,3,3,4,4,3,4,4,2,4,2,3,4,4,4,4,4,4,4,3,4,4,3,4,3,3,2,4,4,4,2,4,3,4,4,4,4,4,3,2,3,4,4,5,3,4,3,4,3,2,3,4,4,4,4,4,5
soldier,3,4,4,3,4,4,4,4,4,4,4,2,5,5,5,4,3,4,3,4,4,5,4,4,4,4,4,4,2,3,4,4,0,4,4,5,4,5,4,2,3,4,4,4,4,4,3,3,5,3,4,3,4,4,5,3,3,3,3,2,2,2,2,4,4,3,4,4
spaghetti,4,3,3,2,4,2,4,4,4,5,2,4,4,2,2,3,4,2,3,3,1,2,1,2,4,0,2,0,2,0,4,4,0,4,0,4,3,5,3,3,2,4,2,2,3,2,2,3,3,4,0,3,0,0,3,0,4,2,4,2,1,4,2,4,4,4,5,2
spatula,5,2,4,4,4,2,3,3,2,4,4,5,2,2,1,4,3,2,4,2,5,4,0,3,3,2,2,2,2,2,0,2,0,4,0,6,2,4,2,4,4,4,3,3,4,1,2,4,4,3,0,2,2,2,4,0,3,0,4,0,1,2,0,3,2,4,3,2
speech,3,3,4,2,2,5,4,4,4,4,4,3,4,4,2,2,2,3,3,3,4,2,3,4,4,3,4,4,3,4,3,2,4,3,3,3,5,4,3,4,4,4,3,4,4,2,5,4,4,4,4,6,5,5,4,3,4,4,4,4,3,4,4,4,4,4,4,4
spiritual,4,3,3,3,2,2,4,4,4,4,4,3,5,4,4,3,3,3,4,4,3,2,1,3,4,3,4,4,3,3,2,2,4,2,2,5,2,4,4,4,4,3,4,4,4,2,5,4,4,5,4,3,4,4,5,4,4,2,6,4,3,3,4,4,4,3,4,4
spoke (to),4,4,4,4,4,4,4,5,5,4,4,4,4,4,4,3,4,5,5,4,5,4,4,4,4,3,5,3,4,5,4,3,2,2,2,4,4,4,4,4,4,3,5,4,4,4,4,5,4,5,6,6,6,5,6,3,4,4,4,4,4,4,4,3,5,6,5,5
spring,4,4,3,3,4,3,4,4,4,4,5,4,5,3,3,4,3,2,4,3,3,2,2,2,4,4,2,3,4,1,3,4,1,3,4,3,4,3,5,3,3,3,3,5,4,3,4,4,4,3,2,3,2,3,5,2,4,0,5,3,2,0,2,3,4,5,4,5
squeal,3,5,4,3,4,4,3,4,3,4,5,3,4,4,4,5,4,2,4,4,4,4,2,4,4,3,5,4,3,3,4,4,4,4,3,5,4,4,4,3,4,4,5,4,5,2,3,5,4,4,3,4,4,3,4,4,4,3,5,4,4,4,4,4,4,5,4,4
stampede,4,3,3,3,4,5,2,5,4,4,4,5,5,2,3,3,3,4,4,4,4,3,3,5,5,4,4,4,3,2,3,4,2,1,5,3,4,4,4,4,4,3,4,3,5,3,4,4,5,3,2,2,3,4,6,3,3,4,4,2,2,2,4,3,4,4,5,4
stapler,4,3,3,3,5,2,5,3,0,4,1,4,2,2,1,4,2,2,4,3,4,2,1,2,4,3,3,3,2,0,0,1,0,5,0,5,4,2,3,4,2,3,4,3,4,1,0,5,4,2,0,2,2,1,3,2,2,0,3,2,2,0,0,2,3,4,3,2
stayed,3,4,3,3,4,4,5,4,6,2,4,4,3,4,4,4,2,3,5,3,3,2,4,4,4,4,2,4,4,3,3,4,3,4,4,6,3,3,4,2,4,4,5,4,5,4,3,4,4,4,5,5,5.,4,4,3,4,4,4,4,3,3,3,3,4,4,4,4
stole,4,3,4,4,4,3,2,4,3,3,3,4,3,3,4,4,4,4,5.,4,4,3,2,4,3,4,4,4,3,4,4,4,2,3,2,6,3,4,2,4,3,3,3,4,4,4,2,4,6,5,6,4,4,5,3,4,4,5,4,4,4,3,4,4,5,5,4,3
stone,5,3,4,4,5,4,3,2,3,3,2,4,4,4,2,4,4,4,5,4,2,4,2,2,4,3,2,3,2,1,0,0,4,3,2,5,4,5,3,4,4,3,3,2,5,1,2,4,3,4,0,4,2,2,4,3,3,3,4,4,3,2,3,4,5,4,4,3
store,4,3,4,4,4,4,3,4,3,4,2,4,4,3,2,4,3,3,4,3,3,5,2,4,4,2,3,3,4,2,4,4,3,3,1,2,5,4,4,4,3,4,4,4,4,4,3,5,4,4,3,4,4,3,5,2,5,3,5,3,3,3,2,5,4,4,5,3
storm,4,3,4,4,3,4,3,6,4,5,3,4,4,4,2,3,4,4,2,2,4,3,2,4,4,4,3,4,4,4,2,2,3,2,1,4,4,4,4,4,4,3,3,4,4,4,4,3,5,2,0,3,5,4,4,4,2,4,4,3,4,3,4,4,4,4,5,4
street,5,3,4,3,3,3,3,5,4,4,3,4,4,3,3,4,4,4,3,3,4,4,3,4,4,4,2,4,4,2,4,4,3,4,4,3,3,4,3,4,3,4,3,4,4,4,3,4,4,6,0,4,3,4,3,3,4,3,4,4,3,4,4,5,5,4,4,2
student,4,4,3,4,4,4,3,5,3,4,2,3,4,4,4,4,3,4,4,4,4,4,3,4,4,2,3,4,4,5,4,3,5,4,3,4,4,4,4,3,4,4,4,4,4,3,4,5,5,5,3,4,4,6,4,4,5,2,4,3,3,3,3,4,4,4,4,5
submarine,2,2,4,4,3,5,3,4,3,4,4,4,3,3,2,4,2,4,3,3,3,4,2,4,4,4,4,4,2,2,4,4,0,1,0,1,2,4,4,3,4,4,4,3,4,3,2,5,5,2,0,2,2,0,4,2,3,2,4,2,0,2,2,4,3,3,4,4
subway,4,4,4,3,4,4,2,4,3,4,3,4,4,4,4,4,2,4,4,3,5,3,1,4,4,4,4,4,4,2,4,4,2,2,2,6,4,4,4,4,2,4,4,3,5,2,2,4,4,4,2,2,4,4,5,2,4,3,4,4,2,3,3,4,4,4,3,3
sum,4,4,4,3,3,5,4,4,4,4,4,5,4,4,3,4,3,4,4,3,4,3,3,3,4,3,3,4,4,3,4,5,5,3,4,5,4,4,4,3,3,3,5,4,4,4,3,4,4,4,4,5,4,5,5,3,4,4,4,3,2,3,3,3,4,4,4,2
summer,5,5,3,4,4,4,3,5,5,4,4,5,4,3,4,4,4,2,4,4,4,2,2,4,4,3,3,4,3,2,4,5,0,2,2,4,4,4,5,3,2,2,3,4,4,4,5,5,4,4,2,3,3,4,5,2,5,2,5,2,4,2,2,4,4,4,4,5
sun,6,6,3,6,4,6,2,4,3,4,4,3,4,2,2,2,6,0,1,3,3,0,3,0,0,0,0,0,3,2,0,0,2,3,3,1,4,5,5,4,3,2,4,4,5,4,4,4,4,2,0,3,2,2,4,3,5,2,5,3,2,3,3,4,6,6,4,4
survived,5,4,3,4,4,4,3,4,5,4,4,4,4,4,4,4,4,4,4,4,5,4,3,5,4,4,5,3,5,3,6,4,3,4,4,5,4,4,3,4,3,2,4,4,3,4,4,4,6,4,5,6,4,5,4,4,4,4,6,3,3,3,3,4,6,5,5,5
sympathy,4,4,4,3,4,5,5,3,3,4,4,2,3,4,4,4,4,3,4,3,4,4,4,5,3,3,3,4,4,4,3,2,4,2,2,4,4,5,3,3,3,3,5,3,4,4,4,3,5,6,4,6,3,4,5,3,5,3,5,5,2,2,2,4,5,6,4,3
symphony,4,4,4,5,4,4,3,4,4,4,4,3,4,3,3,4,3,3,4,4,3,3,0,4,4,3,3,6,4,4,4,3,4,3,2,4,4,4,4,4,3,4,4,5,5,4,4,4,4,6,1,4,2,5,3,0,5,2,4,4,2,4,2,4,3,4,4,3
table,6,3,4,3,5,4,2,4,4,4,3,4,3,1,0,4,3,3,4,4,3,4,2,2,3,2,2,2,2,0,0,2,0,4,3,4,5,4,4,5,3,3,3,3,3,1,2,3,4,5,0,3,3,2,3,0,3,2,4,2,2,0,0,2,2,3,3,2
tangerine,4,4,3,4,4,4,3,5,3,4,4,6,3,2,2,5,2,3,4,2,5,2,0,2,2,3,2,3,2,3,4,5,4,1,0,4,4,4,4,4,4,4,2,3,3,3,4,4,4,4,0,3,3,4,5,0,4,0,5,2,2,2,1,3,3,4,5,3
tax,3,3,3,1,4,4,3,6,4,4,2,4,3,2,4,2,3.,3,3,2,4,5,2,4,4,4,3,3,2,3,2,2,2,5,2,0,4,4,2,3,4,4,4,4,4,2,1,4,4,4,2,4,4,4,4,1,2,4,2,2,2,2,2,4,5,3,4,4
tea,4,4,4,4,4,3,3,4,2,3,2,3,4,3,2,4,4,4,4,2,4,4,0,4,4,3,2,3,3,2,5,5,4,3,0,4,3,2,4,4,3,4,4,3,4,4,3,3,4,4,0,5,4,3,5,2,5,5,6,3,3,0,2,3,4,3,3,4
teacher,4,4,4,2,4,4,4,4,4,5,3.,5,4,4,4,4,3,4,3,3,5,3,3,5,4,3,4,5,3,4,4,3,4,4,4,4,4,4,4,2,3,3,6,3,4,4,4,4,5,5,4,4,5,5,6,2,5,2,4,2,3,2,2,4,5,4,5,5
team,4,4,3,3,4,5,3,4,4,6,4,4,3,2,4,4,4,3,4,4,4,4,4,4,4,3,4,4,3,4,4,3,3,3,4,5,3,4,4,4,4,3,3,3,6,5,4,5,4,5,4,5,4,3,4,3,4,4,5,4,2,2,3,4,4,4,4,3
television,6,4,5,4,4,4,4,5,4,4,4,4,4,3,2,3,2,3,4,2,4,3,0,2,5,3,4,3,4,2,2,1,2,3,0,5,4,4,4,4,3,3,3,3,5,4,4,3,5,4,0,4,4,4,4,3,5,3,4,2,2,2,3,3,5,5,4,4
terrorist,4,3,4,3,2,3,2,4,2,2,3,3,4,4,3,3,3,3,3,1,2,2,2,4,3,2,3,2,3,2,3,0,2,2,0,0,2,4,4,3,4,3,4,4,3,3,4,4,4,4,3,3,3,4,4,5,0,3,2,4,4,4,4,2,4,3,5,3
testimony,4,5,4,4,4,4,5,4,5,4,4,4,4,4,4,3,3,5,4,3,4,4,3,5,4,3,4,4,4,4,3,3,3,4,3,5,4,4,4,4,4,3,2,3,3,4,5,4,6,4,4,4,4,4,5,3,5,4,5,4,3,3,3,4,4,5,5,4
theater,4,4,3,4,4,4,2,4,4,2,3,4,5,4,4,3,3,3,2,3,4,2,3,4,3,4,4,3,4,4,4,3,4,3,3,4,4,4,4,4,4,5,4,3,4,4,4,4,5,6,3,6,4,4,5,4,5,3,4,3,3,3,3,5,4,4,5,4
theme,5,5,4,4,4,4,4,4,4,4,4,3,4,4,3,5,4,2,3,4,3,3,3,4,4,4,4,4,4,4,5,4,3,4,4,4,3,4,5,4,3,3,3,3,4,3,3,3,6,6,3,4,4,5,6,3,4,4,3,3,4,3,3,4,5,5,5,5
theory,6,5,4,4,3,4,4,4,4,4,3,4,4,4,4,2,4,4,2,3,3,3,4,4,4,2,4,4,4,4,3,1,4,3,3,4,4,4,3,3,4,4,4,3,5,4,4,4,5,3,3,5,3,6,5,3,4,4,5,4,4,3,3,4,3,4,4,4
threw,4,4,4,3,4,4,4,4,4,4,3,6,5,4,4,4,4,3,3,3,4,4,4,3,4,3,3,3,6,6,3,3,5,4,5,5,5,4,4,5.,3,5,4,3,4,4,3,4,5,4,3,5,4,5,4,3,4,4,4,4,3,4,4,4,5,4,4,4
thunder,2,1,4,0,2,5,4,5,4,4,3,1,4,3,0,0,0,1,0,2,2,2,2,6,4,4,3,6,4,3,0,0,0,1,0,0,2,4,4,1,3,3,3,2,4,1,4,5,5,0,0,4,3,0,4,3,2,3,4,3,2,0,4,4,4,4,4,5
ticket,4,4,4,3,2,3,4,4,4,3,4,4,5,3,3,5,2,3,4,3,4,2,2,4,4,2,3,3,2,2,4,3,2,4,0,5,3,4,4,4,4,4,4,2,4.,2,4,3,5,4,2,3,4,3,4,3,5,4,4,4,2,3,4,4,5,5,4,3
tiger,4,4,4,4,6,5,4,4,4,4,4,5,5,3,2,4,4,2,3,4,3,5,3,4,4,3,4,5,2,2,6,2,4,4,3,6,4,3,3,0,4,3,3,4,4,2,4,5,4,4,2,6,4,6,5,4,4,2,5,2,2,3,4,4,3,4,6,4
tired,4,2,3,4,2,4,4,3,3,3,4,3,4,2,4,3,4,4,4,4,5,4,4,4,4,4,2,4,3,3,5,3,2,3,4,4,2,3,3,4,4,4,4,4,3,4,4,4,4,4,2,3,3,3,4,4,3,4,5,3,4,4,3,4,3,3,4,3
toaster,5,4,4,4,4,3,3,4,2,4,2,4,3,2,2,4,3,4,4,4,4,3,0,4,4,4,3,4,2,2,0,3,0,2,0,5,4,3,5,4,3,2,3,4,3,2,2,4,4,2,0,0,1,0,5,2,4,3,4,1,3,0,1,2,4,4,3,1
tobacco,3,4,3,3,4,4,3,4,3,4,2,4,4,2,2,3,3,3,4,3,3,4,2,2,2,2,2,0,3,2,4,6,4,4,0,4,4,4,4,4,4,3,6,4,3,4,4,4,5,3,0,2,3,4,2,3,5,4,3,3,4,4,2,4,4,3,3,3
toe,3,4,3,3,4,3,3,5,3,4,4,3,5,4,3,5,3,4,3,3,4,3,5,4,4,3,4,3,3,3,4,2,3,2,6,6,3,4,4,3,5,4,5,4,4,3,4,2,5,5,3,4,4,4,5,5,3,3,5,4,4,3,4,4,4,6,5,3
tomato,3,4,4,5,5,4,3,4,2,4,2,5,3,2,0,5,2,3,4,3,3,2,2,2,2,0,0,0,2,0,6,4,2,1,1,4,4,3,3,2,3,2,2,3,4,0,0,4,3,3,0,2,2,2,4,2,4,2,4,2,2,3,2,4,4,4,5,2
took,4,3,3,3,4,3,4,2,4,4,5,4,5,3,4,4,4,4,4,4,4,3,4,3,4,4,4,5,6,4,4,3,4,5,4,6,4,5,4,3,4,4,4,4,4,4,5,6,4,5,5,6,5,5,5,3,4,4,4,4,4,4,4,4,6,4,5,4
torment,5,4,4,3,4,4,2,3,4,4,3,4,4,4,4,4,3,4,2,4,3,5,5,4,4,4,3,2,4,3,4,2,4,4,4,4,3,4,3,3,5,3,4,2,4,4,2,4,4,4,4,4,3,5,3,3,3,4,4,4,4,3,4,4,4,6,3,4
tornado,4,5,4,2,4,5,3,4,4,6,2,5,5,2,2,2,3,4,3,3,1,3,4,2,4,4,3,4,2,2,0,0,2,0,0,1,4,3,4,0,5,4,4,3,3,2,4,4,6,0,0,0,3,2,1,4,1,5,3,2,4,3,5,3,4,3,5,4
tourist,5,4,4,3,5,2,5,3,3,4,3,4,4,2,3,3,3,4,4,4,4,3,2,3,3,3,2,4,2,4,3,3,2,2,3,3,5,3,3,2,3,3,4,3,4,2,4,3,5,6,4,3,3,4,4,2,3,1,5,2,2,0,0,4,4,4,4,3
train,4,4,2,3,4,6,2,4,4,5,4,5,4,2,0,4.,2,3,5,4,2,4,3,4,4,4,4,4,3,3,2,4,3,2,0,4,5,4,4,2,4,3,3,4,4,2,3,5,4,4,0,4,2,2,4,3,4,3,4,3,2,3,2,4,4,4,4,4
treaty,4,3,4,3,4,4,4,4,4,4,4,4,4,5,5,4,4,2,4,4,4,4,4,5,3,4,5,4,4,4,4,4,2,4,2,4,4,4,4,3,4,4,4,4,4,4,4,5,4,6,3,5,4,5,5,4,3,3,5,5,3,4,3,4,4,5,4,4
tree,5,4,2,4,5,4,4,4,5,4,4,5,4,4,3,4,3,2,3,4,4,4,1,2,3,2,3,3,3,2,2,4,2,2,1,4,5,3,4,3,4,4,4,4,4,4,0,4,3,3,0,2,4,3,4,2,4,2,4,2,2,3,2,4,3,4,4,2
trial,4,4,3,4,3,3,3,4,3,3,3,4,4,4,5,4,3,5,4,3,4,5,3,4,4,3,3,4,3,3,4,5,3,5,3,4,4,5,4,4,4,4,4,3,4,4,4,5,4,4,3,4,3,4,5,3,4,2,5,3,3,3,3,5,4,4,4,4
tribute,3,4,4,4,5,5,5,4,4.,4,2,4,4,3,3,4,3,4,4,4,3,4,3,4,4,3,4,5,4,4,2,4,5,4,5,5,3,4,3,4,4,4,3,4,4,3,4,3,6,5,3,4,5,5,4,3,4,2,3,4,4,3,3,5,4,4,4,4
trombone,3,4,3,3,3,5,2,4,3,4,3,4,4,3,2,4,2,3,4,4,2,4,1,5,5,5,3,6,6,2,0,1,4,4,0,4,3,3,5,3,4,4,3,3,3,2,4,5,4,4,0,4,3,2,3,0,5,0,4,2,0,0,2,2,4,4,4,2
truce,3,4,4,4,3,4,4,4,3,3,4,3,4,4,4,4,3,3,3,3,4,4,2,3,4,2,3,5,4,4,3,2,3,4,4,2,3,5,4,3,4,5,3,2,4,3,4,4,6,5,3,5,4,5,5,3,3,3,6,3,4,3,4,4,4,3,4,3
truck,4,3,4,3,4,4,5,4,4,4,4,4,3,3,0,5,4,2,2,3,3,5,2,4,4,4,4,4,2,2,2,3,2,3,2,3,4,4,3,4,4,4,3,2,3,2,2,4,4,3,0,2,3,2,4,3,4,2,2,2,0,2,3,2,3,4,4,4
trumpet,4,4,4,4,4,2,2,5,4,4,3,5,4,3,3,4,3,2,4,2,3,3,0,5,4,4,4,5,6,3,2,2,4,3,0,6,4,5,3,4,4,3,3,4,4,3,3,5,5,5,0,4,4,5,3,0,4,3,5,3,2,3,3,4,5,4,4,4
trust,4,4,3,4,4,5,3,3,3,4,4,4,4,4,3,4,3,3,4,2,5,3,2,4,4,2,3,2,3,4,5,3,3,4,3,2,4,4,4,4,4,4,5,3,5,5,2,4,3,6,4,4,5,5,5,3,4,2,5,2,4,2,1,3,4,5,4,4
truth,4,3,4,4,4,4,4,3,3,4,4,3,4,3,4,2,3,3,3,2,4,3,4,5,4,2,3,4,3,3,3,3,4,4,3,3,4,5,4,5,4,4,5,4,4,4,4,4,5,4,3,5,3,6,6,4,4,3,5,3,3,3,4,4,4,4,4,4
tuba,4,3,3,4,3,5,4,4,3,4,4,4,4,2,2,4,4,3,3,4,2,5,0,5,5,5,0,6,5,3,1,2,2,1,0,5,4,3,4,3,2,2,3,2,4,3,4,3,5,4,0,2,1,4,4,0,4,1,4,2,0,0,0,5,4,4,4,4
tulip,4,5,3,5,4,4,4,4,3,3,3,5,3,2,2,4,3,4,4,3,4,3,2,3,2,2,2,3,3,5,1,3,1,3,0,0,3,5,4,2,3,2,4,3,4,4,4,4,6,6,0,2,3,3,4,2,5,4,4,3,3,3,2,4,4,3,4,3
turtle,4,2,4,4,4,4,5,4,4,4,4,5,4,2,3,4,3,3,4,3,4,4,2,2,2,4,2,2,3,2,1,2,2,2,4,2,4,4,4,2,4,2,3,4,3,4,2,4,4,2,0,4,4,4,4,2,5,3,4,3,2,2,1,4,3,3,5,2
umbrella,4,3,2,4,3,4,4,4,3,3,3,5,4,2,1,4,2,3,4,3,5,3,1,3,2,2,2,2,2,1,0,0,0,4,0,5,2,4,4,3,4,3,4,3,3,3,2,5,4,4,0,1,2,4,4,2,4,4,5,3,2,2,2,4,5,4,4,3
used,4,5,4,5,5,4,4,3,4,4,4,3,4,4,6,6,5,4,5,4,4,4,3,5,4,4,4,5,4,4,3,4,3,6,4,4,4,3,3,4,4,3,4,3,5,4,4,4,5,5,3,4,5,4,6,3,4,4,4,3,2,4,2,3,4,4,4,4
used,5,4,4,4,5,3,5,4,6,4,3,4,5,4,4,4,4,2,4,4,4,4,3,5,4,5,4,4,4,4,5,4,5,4,4,4,5,4,4,5,4,3,3,5,4,4,2,4,4,4,3,4,4,4,6,4,5,2,4,2,2,2,4,4,5,4,5,4
vacation,5,5,2,4,4,4,3,4,4,4,4,3,4,4,5,5,3,3,4,4,4,3,2,4,2,4,2,4,2,3,4,4,0,3,4,2,3,3,4,3,4,4,3,4,4,4,5,4,4,3,2,4,4,4,4,2,4,3,6,3,2,1,2,2,4,4,5,5
van,4,4,4,3,5,4,4,5,4,4,2,5,4,3,3,5,2,3,4,4,4,4,3,3,4,4,3,4,3,4,4,4,4,4,4,5,3,4,4,4,6,4,4,4,4,3,3,4,3,5,2,4,3,4,6,3,5,3,5,3,3,3,2,4,4,4,4,3
verb,4,5,4,4,5,5,4,4,3,4,4,4,4,3,3,4,3,3,3,2,4,3,4,2,4,4,3,4,3,4,4,3,4,5,3,4,3,4,3,3,3,4,4,4,4,4,4,4,4,4,3,4,3,4,4,3,4,4,4,3,4,4,3,4,4,4,4,4
vice,5,5,3,3,4,3,4,4,4,5,4,4,4,4,4,5,4,4,4,4,2,4,2,6,4,4,3,4,3,4,3,3,4,3,3,5,4,4,4,3,3,5,4,4,5,4,4,4,4,4,2,3,3,3,4,3,4,4,5,3,4,4,2,4,5,4,5,4
victim,3,3,4,3,3,4,4,4,4,5,4,3,4,3,4,3,3,3,4,3,4,4,4,4,4,3,3,3,3,3,3,2,3,4,3,4,4,3,4,3,3,2,3,2,5,2,2,5,4,3,3,4,4,4,4,4,3,4,6,4,4,3,3,4,4,4,3,5
visited,4,4,5,4,3,4,4,2,4,3,4,4,5,4,3,4,2,3,4,3,3,2,2,4,4,3,3,4,3,5,2,4,2,3,4,6,5,3,4,6,2,5,5,2,4,3,4,5,6,5,6,6,5,3,4,2,4,3,4,4,4,4,3,3,5,4,4,3
volcano,3,4,4,4,4,4,4,4,3,4,3,5,5,3,2,4,6,3,4,4,2,3,2,2,3,4,2,4,2,0,0,5,3,2,0,0,6,2,4,2,3,4,3,2,4,3,4,4,3,2,0,0,2,0,4,4,1,2,4,2,2,2,3,4,4,2,4,5
voter,5,3,4,4,3,4,4,4,3,4,3,4,4,5,4,4,4,2,4,4,4,5,1,5,3,5,3,3,4,4,4,4,2,3,3,4,3,3,4,2,3,4,3,3,4,4,2,4,4,6,3,6,4,4,5,3,4,4,4,0,2,3,2,3,3,4,5,4
walked,4,4,4,4,3,3,2,5,5,4,4,4,4,3,5,2,2,4,1,4,2,3,3,3,4,3,3,3,4,2,2,3,0,2,6,5,5,4,4,4,4,3,3,3,4,5,3,4,6,2,5,4,4,5,4,4,5,3,4,3,3,4,4,3,5,4,4,4
wanted,3,5,4,3,5,3,4,3,5,4,4,4,6,5,5,4,3.,3,4,4,5,3,3,3,4,3,4,4,4,5,5,4,4,4,4,3,4,4,4,3,3,4,4,4,3,4,4,6,4,4,6,4,4,5,6,4,4,3,3,3,3,3,4,4,5,4,4,4
watched,3,4,2,4,5,4,3,4,4,5,4,4,4,3,4,4,4,4,4,4,4,2,4,4,3,3,2,4,3,3,3,2,4,4,4,6,4,4,4,4,4,4,5,3,4,4,4,4,4,4,4,6,5,5,4,4,4,3,5,4,4,3,4,4,4,5,4,4
water,4,4,2,0,4,4,3,4,4,4,4,3,4,2,2,3,5,3,3,0,4,4,0,2,3,4,5,4,4,2,2,0,4,5,4,6,2,4,4,4,4,4,3,3,4,2,2,4,4,3,0,4,3,3,4,3,3,1,4,3,2,2,2,3,4,6,3,4
wealthy,4,5,4,4,4,4,4,4,4,4,2,3,4,4,4,4,3,2,3,4,3,2,2,4,4,2,4,4,4,4,3,3,2,3,2,4,4,4,5,5,4,3,4,4,4,4,4,4,4,4,1,4,3,2,4,3,3,2,3,3,2,4,4,5,4,2,4,4
went,4,4,4,4,4,3,4,4,3,4,2,3,4,3,4,4,2,4,4,4,4,4,3,4,3,4,4,5,4,5,4,2,3,5,6,4,5,4,4,5,4,4,4,4,4,3,3,4,6,5,5,6,4,6,6,4,4,2,5,4,4,4,3,4,5,6,4,4
whale,4,4,3,4,5,6,3,4,4,4,4,5,4,2,3,4,4,4,4,4,4,5,3,3,4,4,3,4,4,4,2,2,3,1,0,2,3,4,2,3,4,3,3,5,3,3,4,4,5,2,2,2,2,3,4,2,5,4,5,3,2,2,3,4,4,4,4,3
whine,4,4,3,4,4,4,4,4,4,5,4,4,4,4,4,4,3,3,3,4,4,4,4,4,3,3,3,4,3,4,4,4,4,3,3,6,4,4,3,4,3,3,4,2,4,3,2,4,3,4,4,4,3,5,5,3,4,4,4,4,3,4,2,2,4,4,4,5
white,3,4,5,3,4,4,5,4,4,4,4,5,4,2,3,4,4,4,4,3,4,4,3,2,3,3,4,4,4,3,3,2,4,3,2,3,3,4,4,3,5,4,3,4,3,4,4,4,4,4,2,3,4,4,5,4,5,3,4,3,3,3,3,5,4,4,5,2
whole,4,4,4,4,4,4,4,4,4,4,4,4,4,3,4,3,4,4,5,4,4,4,2,4,4,4,4,4,4,4,4,4,4,6,4,4,4,3,4,4,4,4,4,3,3,4,3,4,5,5,2,6,3,4,4,3,4,3,5,3,5,3,3,5,3,6,5,3
window,5,4,4,4,4,4,4,4,5,4,4,5,5,5,2,3,3,4,4,3,4,4,4,2,3,3,2,3,3,3,0,2,2,3,1,4,4,5,4,4,3,4,3,3,4,3,4,4,4,4,0,4,4,5,4,2,4,3,4,3,2,3,3,3,5,4,4,5
winter,4,3,4,4,4,4,5,4,3,4,4,5,4,2,2,4,3,4,3,2,4,2,2,4,4,3,3,4,3,2,4,4,2,1,2,3,3,3,4,2,3,4,3,5,5,3,4,5,4,3,0,3,3,1,3,2,4,4,4,3,2,1,2,4,3,3,4,3
wit,4,3,5,2,5,4,4,4,3,5,3,2,4,3,3,2,4,2,4,3,4,2,2,3,4,4,4,4,4,3,3,2,2,3,0,4,2,4,4,4,4,3,2,2,4,2,2,4,5,4,2,5,4,5,4,2,4,3,5,2,3,2,2,4,5,4,4,5
witness,4,3,4,4,4,4,4,4,4,4,4,4,3,4,3,4,4,3,3,3,4,4,4,4,4,3,3,3,4,3,4,3,3,3,4,4,4,5,4,4,4,3,5,2,4,5,4,4,4,3,3,4,4,4,4,2,4,4,5,3,4,2,4,3,4,5,4,4
woe,4,3,4,3,3,4,3,4,4,4,3,2,4,3,5,4,4,3,4,3,3,3,5,3,3,2,5,4,3,4,2,4,4,3,4,3,4,4,3,3,2,3,4,4,4,3,3,5,3,4,3,4,3,4,5,5,4,3,4,4,3,2,3,4,3,4,4,4
woman,3,4,4,4,6,3,3,4,4,4,3,3,5,5,3,4,4,3,4,4,4,3,4,4,4,4,4,4,4,4,5,4,4,4,3,3,3,4,4,4,4,4,2,3,4,3,2,4,4,5,3,4,3,2,3,3,4,3,5,2,0,2,3,4,5,4,4,4
wonder,4,5,4,4,4,4,3,6,4,5,4,4,4,5,2,4,3,3,4,4,4,3,2,3,4,3,4,4,4,3,4,3,4,4,5,4,4,5,4,4,4,5,4,3,4,4,3,4,4,2,2,4,4,4,4,2,4,3,4,3,2,2,3,5,4,6,4,5
worked,4,4,5,3,5,4,4,4,5,4,3,4,4,4,4,6,4,4,5,4,4,4,4,5,4,3,3,6,4,5,2,3,2,6,5,3,5,4,4,4,4,4,5,3,4,5,3,5,5,5,6,5,4,5,4,3,4,4,4,4,4,4,3,4,5,5,5,4
worker,5,4,3,3,4,4,2,4,4,4,4,5,3,4,4,4,3,3,4,3,4,4,3,4,4,3,3,3,4,3,4,3,4,3,5,4,4,4,4,4,4,4,3,3,4,4,4,5,4,5,4,5,3,4,5,2,4,2,6,2,2,3,1,4,5,2,4,4
worth,5,4,3,5,4,5,5,4,4,5,4,4,4,4,4,4,3,4,4,4,5,2,3,4,4,4,4,5,4,4,4,4,3,4,4,5,3,4,4,5,3,3,4,4,4,5,4,4,4,5,3,6,5,5,4,3,4,2,6,4,3,3,3,4,4,5,5,4
wrote,3,4,5,4,3,3,4,5,3,3,4,4,5,2,4,4,4,4,4,5,3,3,4,4,4,3,2,3,3,4,2,4,5,5,6,4,4,4,4,4,4,4,4,4,4,4,4,5,6,4,6,5,5,5,6,2,4,4,5,4,3,3,2,3,5,5,4,3
xylophone,4,2,3,4,3,4,4,4,4,4,3,4,2,2,2,5,2,2,4,2,4,4,0,6,5,2,4,6,5,2,0,0,0,4,3,6,3,2,3,2,3,3,2,3,3,3,3,4,4,3,0,2,2,3,4,0,4,0,5,2,2,0,2,2,4,4,5,2
year,4,4,3,4,4,2,3,4,3,4,4,4,4,6,2,4,3,4,4,4,4,4,4,3,4,3,3,5,2,2,3,3,2,3,3,4,3,4,3,4,3,4,3,4,5,5,2,4,4,4,2,5,4,5,4,2,4,3,4,4,3,2,4,3,6,5,5,4
yellow,4,5,4,4,4,3,4,2,4,2,3,4,4,2,3,2,4,2,4,2,2,2,3,3,2,4,2,4,2,2,4,2,2,3,1,4,2,2,4,4,4,4,3,2,2,2,3,3,3,4,2,2,4,5,4,2,4,2,5,2,2,2,2,2,5,3,4,3
young,4,4,4,4,5,4,4,4,5,3,4,4,5,3,2,4,3,3,5,2,2,4,4,3,4,4,4,4,4,3,3,3,4,3,3,4,3,4,3,4,4,5,4,2,4,2,3,5,3,4,2,5,4,4,4,4,4,2,4,4,3,4,3,4,5,4,4,5
zone,3,4,3,4,4,5,3,4,5,4,4,4,4,3,3,3,4,4,4,4,4,4,4,4,3,4,3,4,4,3,4,4,4,4,2,5,4,4,4,3,4,4,4,4,5,5,4,4,4,5,0,5,4,4,4,3,5,3,4,3,2,3,4,4,4,4,5,4
zoo,4,4,4,4,4,5,4,4,4,4,3,5,4,2,3,4,3,2,3,2,3,4,2,5,3,2,3,4,4,3,2,4,2,2,2,4,4,5,4,3,3,4,4,4,4,4,2,4,4,4,3.,3,3,4,4,3,4,3,4,4,2,2,2,3,4,4,4,4
