Concept,Vision,Bright,Dark,Color,Pattern,Large,Small,Motion,Biomotion,Fast,Slow,Shape,Complexity,Face,Body,Touch,Hot,Cold,Smooth,Rough,Light,Heavy,Pain,Audition,Loud,Low,High,Sound,Music,Speech,Taste,Smell,Head,UpperLimb,LowerLimb,Practice,Landmark,Path,Scene,Near,Toward,Away,Number,Time,Duration,Long,Short,Caused,Consequential,Social,Human,Communication,Self,Cognition,Benefit,Harm,Pleasant,Unpleasant,Happy,Sad,Angry,Disgusted,Fearful,Surprised,Drive,Needs,Attention,Arousal
accident,4,0,0,0,0,5,4,0,0,4,0,0,5,0,5,4,2,0,0,0,2,4,5,2,0,0,0,0,0,0,0,5,6,5,0,0,4,4,4,5,4,3,4,0,4,0,5,0,0,5,0,2,0,4,2,5,0,0,0,0,2,2,0,4,0,4,4,2
accordion,6,4,4,2,6,4,0,5,4,6,5,6,4,0,0,4,2,4,3,3,4,4,0,6,4,4,4,6,6,0,0,5,6,6,5,0,1,4,5,0,3,5,0,2,4,4,2,4,3,3,0,4,0,1,5,1,4,0,5,0,0,0,0,1,0,0,2,1
activist,5,0,5,2,4,0,1,5,0,0,0,4,0,0,6,0,4,4,0,6,4,0,3,3,5,0,4,4,3,4,5,0,5,5,1,0,4,5,4,0,4,4,4,4,4,4,4,5,4,6,0,5,0,5,6,3,5,0,4,2,2,0,0,3,4,4,4,4
actor,0,4,0,0,4,5,4,0,4,0,6,0,0,0,0,6,0,0,0,0,0,0,2,2,0,0,0,0,0,5,4,0,3,0,0,0,3,5,4,0,1,2,6,4,4,1,6,0,0,4,0,4,0,5,4,0,0,0,0,5,0,0,0,3,5,0,5,4
advantage,3,0,0,0,0,4,4,0,0,0,0,0,3,4,0,0,6,3,4,0,6,4,3,4,0,0,0,2,0,4,0,5,5,5,6,0,0,0,5,5,5,4,5,5,4,2,4,1,5,0,0,5,0,5,6,3,0,0,4,0,0,0,0,2,4,0,5,1
advice,4,4,0,4,0,3,6,0,5,0,4,0,0,0,0,0,0,0,0,0,6,5,5,6,0,0,0,2,0,4,0,0,6,4,0,0,2,4,4,2,6,2,0,4,3,0,4,0,0,6,4,6,0,4,6,0,4,0,4,0,0,0,0,4,5,6,5,3
aggressive,0,6,5,5,4,4,2,4,4,5,3,5,0,0,4,2,4,5,0,5,6,4,5,0,5,2,4,5,4,5,0,6,0,0,0,0,3,5,0,4,4,5,0,0,6,4,6,0,0,4,0,4,0,4,0,0,0,0,0,4,4,6,6,5,5,4,5,6
agreement,3,0,0,3,0,4,5,4,2,6,2,4,5,0,0,0,3,0,0,0,0,3,0,4,5,1,0,1,2,1,0,0,5,4,2,0,0,0,4,2,0,5,4,4,4,4,3,5,4,6,0,5,0,5,4,0,5,0,3,0,0,0,0,0,1,0,2,2
airport,5,5,2,4,4,5,0,5,4,4,5,4,4,0,0,3,0,0,0,0,0,0,3,2,4,0,0,3,0,0,0,4,0,0,0,0,6,4,6,4,1,5,2,2,5,2,0,3,5,4,0,2,0,0,5,0,3,0,0,0,0,0,0,0,0,0,2,3
alligator,6,5,4,6,5,6,0,6,0,4,6,5,4,0,0,2,0,5,2,4,0,5,3,0,6,4,2,4,0,0,3,5,2,0,0,0,2,4,5,0,5,4,0,3,0,0,0,0,4,1,0,2,0,4,2,5,0,0,0,0,0,0,0,4,4,0,4,4
ambulance,5,6,3,4,4,5,4,4,4,5,3,5,3,0,0,0,0,4,0,0,2,4,5,2,5,2,6,6,0,0,0,4,0,0,0,0,0,6,4,0,3,6,5,2,5,0,6,5,4,4,0,1,0,0,6,0,0,0,0,0,0,0,0,0,0,1,6,3
analogy,3,6,4,0,3,0,0,0,0,0,0,0,0,0,0,0,0,0,0,0,6,3,4,0,6,0,0,6,0,0,0,4,4,4,0,6,2,0,0,0,4,6,3,4,3,3,4,4,4,4,0,6,0,6,6,0,3,0,2,0,0,0,0,0,0,6,4,2
angry,2,6,5,0,4,0,5,6,5,0,4,0,0,4,5,5,6,2,0,4,0,0,0,4,5,5,4,5,4,4,5,0,4,4,5,4,2,4,5,5,6,4,0,5,4,0,0,0,0,4,5,4,5,5,0,6,2,4,2,4,6,4,4,4,4,3,3,4
animosity,3,0,6,4,3,4,4,0,0,2,0,4,6,3,0,0,0,4,0,0,4,5,4,4,4,4,0,4,0,2,0,3,6,4,4,0,4,5,3,0,0,3,4,2,3,4,2,4,5,6,0,4,0,4,0,4,0,6,0,0,5,4,3,0,4,0,5,1
ant,5,4,0,6,0,0,6,0,4,6,5,4,0,0,0,0,3,4,0,6,6,6,4,2,3,0,4,6,0,3,3,3,3,4,4,0,4,0,5,4,4,5,0,4,5,0,5,0,4,0,6,3,6,6,6,0,0,0,2,0,0,0,0,5,5,0,4,4
apartment,4,0,0,5,4,0,0,0,0,0,2,5,4,0,0,2,0,4,0,3,4,4,1,1,3,0,0,0,0,0,1,4,0,1,0,0,5,4,6,0,1,2,4,1,2,6,0,4,2,2,6,0,0,0,4,0,0,0,0,0,0,0,0,0,0,0,2,0
apology,3,4,4,5,0,0,4,0,0,3,4,2,0,0,0,0,0,0,0,0,4,4,2,4,0,0,0,4,0,4,0,0,4,4,1,0,2,4,4,0,4,6,0,2,4,2,5,4,4,6,0,6,0,5,4,0,4,0,0,0,0,0,0,0,2,0,4,0
applause,4,4,0,0,0,2,4,6,5,4,4,5,4,4,0,4,0,0,0,0,5,0,0,5,6,0,5,5,0,0,0,0,5,6,2,0,1,4,5,2,4,3,3,5,5,4,6,6,5,5,0,6,0,4,5,0,0,0,4,0,0,0,0,3,5,0,5,2
approached,5,0,3,0,3,4,6,4,4,3,0,5,0,4,4,4,1,0,0,4,4,2,1,4,0,0,5,4,4,4,6,3,0,0,0,0,5,3,0,0,3,5,4,0,4,6,4,4,0,6,6,5,6,6,4,0,0,0,3,1,0,0,4,2,4,4,3,0
apricot,5,6,0,5,6,3,4,1,6,0,0,5,2,0,0,2,2,0,5,0,4,1,0,0,0,4,4,0,1,0,4,4,2,0,0,0,3,6,4,0,0,0,0,2,4,0,0,0,5,0,0,2,0,6,4,0,4,0,0,0,0,0,0,0,0,0,4,0
arm,3,0,0,0,6,0,4,0,0,0,4,6,0,0,4,6,4,6,6,0,6,0,5,0,0,2,2,2,0,6,6,4,2,4,0,0,0,4,5,0,2,6,0,5,0,2,0,0,4,0,0,4,0,4,4,0,0,0,4,0,0,0,0,0,0,0,4,4
army,3,4,0,4,4,6,4,3,4,6,4,4,6,0,0,2,0,6,0,0,2,3,1,4,3,2,0,4,0,4,6,3,0,2,0,0,4,3,5,0,2,4,5,2,4,0,4,5,6,4,4,2,0,5,6,1,0,0,0,0,2,0,0,0,2,0,4,2
arrested,4,4,5,4,4,3,4,5,4,4,4,4,0,4,2,2,5,3,2,5,3,4,2,4,0,2,4,5,4,5,2,5,2,0,0,0,6,4,4,5,4,4,5,4,5,5,5,5,6,5,6,4,0,6,0,5,0,3,0,4,4,3,4,4,3,4,5,1
artist,5,0,0,4,0,0,0,0,0,1,2,4,4,5,0,3,0,0,3,4,4,0,4,3,5,0,0,4,0,4,5,4,5,0,0,0,4,6,3,4,6,4,5,5,4,4,4,4,6,4,0,5,0,5,6,0,0,0,4,0,0,0,0,5,2,0,5,5
asparagus,6,5,4,6,4,1,5,1,0,0,0,5,0,0,0,5,4,3,4,4,5,0,0,0,0,2,0,2,0,0,5,6,6,4,0,0,1,0,5,5,1,4,0,4,1,0,5,4,2,1,0,0,0,4,2,0,3,0,0,0,0,0,0,0,0,0,2,2
ate,4,5,2,4,0,5,4,5,4,6,4,4,4,5,5,3,4,2,1,5,1,2,5,0,1,2,3,4,5,0,6,2,6,4,0,0,4,5,0,4,4,4,0,5,4,4,5,5,6,4,5,6,3,6,6,0,0,0,6,4,2,1,0,4,4,4,2,0
attribute,0,0,0,0,0,0,6,0,0,4,0,0,0,5,0,0,0,0,0,0,0,0,5,5,4,0,0,0,0,6,0,0,0,0,2,0,0,4,0,0,0,0,0,4,5,0,5,3,4,0,0,6,0,4,6,0,0,4,4,3,0,0,0,0,0,5,5,4
audience,2,4,0,0,0,4,4,5,6,3,2,3,6,0,0,0,2,0,0,0,5,0,2,0,6,5,4,0,0,2,0,0,4,4,0,0,5,3,4,4,5,4,4,4,5,5,4,4,3,6,4,6,6,4,6,0,5,0,0,2,0,0,0,0,3,0,5,3
author,4,0,0,0,0,1,4,0,0,3,4,4,0,0,0,4,0,0,5,0,0,0,0,4,6,0,0,5,0,5,4,4,5,4,0,6,4,0,4,5,4,2,4,4,5,4,4,4,3,5,6,6,0,5,5,0,6,0,0,4,0,0,0,3,4,4,5,0
avalanche,4,5,5,5,5,6,6,6,5,5,4,5,5,0,0,1,0,6,0,0,0,5,4,5,6,5,1,5,2,0,6,2,0,1,1,0,2,6,6,0,4,5,4,2,5,1,5,3,6,2,0,5,0,2,3,6,0,3,0,0,0,0,5,3,0,0,4,3
awe,4,0,0,0,0,0,0,6,0,4,4,6,0,0,0,0,0,0,3,0,5,4,4,4,4,4,4,4,0,2,0,0,0,2,0,0,2,5,4,4,2,2,1,2,3,3,3,0,0,2,0,5,2,5,0,0,4,0,4,0,0,0,2,4,4,0,5,5
axe,5,5,0,4,5,4,4,6,4,6,0,6,5,0,0,6,5,5,0,5,6,4,3,0,4,6,0,6,0,0,0,6,0,6,0,0,2,2,4,1,1,3,0,4,4,5,0,0,4,4,0,4,0,4,4,4,0,0,0,0,0,0,0,0,0,3,4,2
bagpipe,4,2,4,4,5,4,0,4,0,5,4,6,5,0,0,4,0,4,2,4,1,4,2,6,5,5,6,6,6,0,1,4,6,6,3,0,3,1,5,0,0,3,0,0,4,1,0,4,5,5,0,5,0,0,4,0,2,0,0,0,0,0,0,4,0,0,5,3
ball,6,4,0,4,4,4,6,4,0,6,6,6,0,0,0,6,0,4,6,0,6,4,1,0,4,0,2,4,0,0,0,2,0,5,6,0,4,0,3,4,5,4,4,4,4,2,5,0,6,3,0,1,0,2,0,0,0,0,0,0,0,0,0,0,0,0,4,2
banana,4,6,5,5,6,4,4,0,6,0,1,6,0,0,0,4,0,2,6,0,5,2,0,0,0,4,5,1,0,0,5,6,6,4,0,0,3,0,4,0,0,0,0,2,3,3,5,3,6,0,0,5,0,6,4,0,4,0,5,0,0,0,0,0,0,0,2,0
banjo,6,5,2,5,5,2,5,0,4,5,3,5,5,0,0,4,0,3,2,6,4,4,0,4,6,3,3,6,5,4,0,2,2,6,2,0,2,3,5,0,0,4,0,0,4,2,0,4,3,4,0,4,0,0,4,0,4,0,4,0,0,0,0,0,0,0,4,2
banker,4,2,3,4,0,0,3,3,0,0,0,4,0,0,0,0,0,0,2,0,0,0,0,5,0,0,0,0,0,2,0,0,2,2,0,0,3,4,5,4,0,4,2,5,3,4,2,4,6,4,3,1,0,5,4,2,0,0,0,0,2,0,0,0,0,0,2,2
bar,4,0,0,5,6,5,4,4,6,0,4,0,0,0,0,5,0,3,6,0,4,4,4,1,4,6,5,4,5,6,0,5,0,0,5,0,6,4,6,4,4,0,0,3,5,4,4,0,4,6,0,4,0,6,6,0,0,0,4,0,0,0,4,0,4,0,4,4
barbecue,4,4,3,4,4,4,3,0,4,0,0,4,4,0,0,4,5,6,0,0,0,4,0,2,3,0,0,4,0,0,5,5,6,4,2,0,3,0,5,4,0,4,0,4,5,5,4,0,4,5,0,5,0,0,4,0,6,0,4,0,0,0,0,4,2,0,2,4
baseball,6,5,3,3,4,5,5,6,4,6,5,5,5,0,0,5,0,0,5,6,4,4,4,4,4,0,0,5,0,0,0,5,0,6,5,0,4,3,5,0,0,2,5,4,4,4,2,4,6,6,0,4,0,5,4,0,4,0,3,0,0,0,0,0,0,0,4,4
battle,4,6,5,4,5,0,0,0,0,4,4,4,0,0,0,2,0,6,0,0,0,5,5,2,6,4,1,5,0,4,0,4,4,5,0,0,5,0,4,1,4,1,4,4,3,4,3,0,5,5,6,4,0,5,3,0,0,5,0,0,0,0,0,3,4,0,5,4
bay,0,0,4,0,0,0,5,3,0,0,0,0,0,0,0,0,5,6,0,0,0,0,2,5,6,0,0,0,0,6,0,4,0,0,0,0,6,0,3,4,6,6,0,3,4,5,0,0,6,0,0,6,0,5,5,1,0,5,4,0,0,0,0,0,5,0,0,0
beach,5,6,2,4,6,5,4,5,5,0,5,5,3,0,0,5,6,6,6,4,6,3,2,1,5,0,0,6,2,0,0,4,1,2,5,0,4,5,6,0,2,4,0,4,3,0,4,4,3,4,0,3,0,0,6,0,5,0,5,0,0,0,0,0,2,0,4,3
bed,5,0,5,2,4,4,4,0,6,0,0,6,2,0,0,6,4,0,4,0,5,3,3,0,4,0,0,1,1,0,0,4,0,1,2,0,4,4,6,4,0,3,0,5,6,6,0,0,5,2,0,0,0,0,4,0,4,0,2,0,0,0,0,0,0,5,2,0
bee,2,0,0,6,0,0,6,0,0,0,5,6,5,0,0,6,0,0,6,0,6,4,5,4,6,6,4,6,2,0,0,4,0,4,1,0,5,4,5,4,0,4,6,6,2,6,5,4,0,0,0,6,0,4,0,4,5,0,0,0,0,0,0,0,0,0,4,0
beer,5,5,0,5,4,3,0,4,5,6,0,4,5,0,0,2,0,6,0,0,4,2,4,0,0,0,0,4,0,0,5,5,5,4,1,0,1,0,4,0,0,4,4,5,5,1,2,0,6,5,0,4,0,0,4,2,2,0,5,0,0,0,0,0,0,0,0,3
belch,0,0,0,0,0,4,6,5,3,6,0,1,0,0,0,0,4,0,0,5,4,2,4,6,6,6,3,6,4,0,4,5,6,0,0,0,0,2,2,5,0,5,0,4,3,0,6,4,2,4,0,3,0,0,2,0,0,4,0,0,0,4,0,3,0,0,0,4
belief,4,6,0,0,0,4,5,1,5,6,4,0,4,3,0,0,0,5,0,0,4,3,4,4,0,5,0,5,0,2,0,0,4,0,0,0,1,4,2,4,4,4,4,4,4,4,4,5,0,5,0,4,0,6,4,3,0,0,4,0,0,0,2,0,5,1,3,4
bell,4,0,0,6,3,5,4,0,2,4,3,4,4,4,2,4,4,5,3,0,6,4,2,5,6,6,6,6,4,4,0,0,0,3,0,0,2,4,5,6,4,4,4,4,5,4,3,4,2,4,0,6,0,6,4,2,4,1,2,0,0,0,0,4,0,0,4,4
bicycle,6,0,4,2,4,2,6,6,4,5,6,6,4,0,0,5,2,4,5,4,5,0,4,2,3,0,0,3,0,0,0,4,0,2,5,0,0,6,4,5,2,3,2,0,1,0,0,4,4,4,0,1,0,1,3,2,3,0,4,0,0,0,0,0,0,0,4,1
big,5,5,5,6,5,0,6,4,5,6,3,5,0,4,4,6,5,6,0,3,6,4,6,5,6,6,3,3,5,3,2,2,4,0,6,0,6,4,6,4,4,4,5,6,5,4,4,5,0,5,1,0,0,0,6,6,4,6,4,0,2,0,2,5,4,4,6,5
bird,6,0,0,3,6,3,6,0,0,0,6,5,5,0,3,0,0,3,0,0,4,5,0,0,4,0,0,6,6,5,4,4,1,4,3,0,4,5,6,4,5,4,1,4,4,6,2,0,4,1,0,6,0,6,4,2,6,0,6,0,0,0,0,0,0,0,4,4
black,6,0,5,6,5,2,4,4,2,0,1,2,3,5,6,4,5,5,5,4,0,5,6,6,2,4,0,5,5,4,2,0,1,4,4,0,3,4,4,3,2,5,0,6,5,0,0,4,1,6,2,5,0,3,1,5,4,5,0,4,4,6,4,0,4,4,4,2
blocked,4,1,4,4,6,4,4,5,0,4,4,4,0,4,4,2,5,4,4,4,2,4,3,4,4,5,0,3,4,4,4,0,4,4,1,0,5,4,5,5,5,5,1,3,4,4,4,5,5,4,2,6,0,5,4,3,4,4,0,4,4,4,4,0,4,5,5,0
blue,3,6,4,6,3,0,0,0,2,0,2,2,0,4,2,0,0,3,0,6,0,0,0,0,0,2,3,4,4,0,0,0,0,0,1,6,4,0,5,0,6,4,4,0,0,0,3,5,4,4,0,4,0,4,6,0,3,6,4,3,4,0,0,0,0,4,4,4
blueberry,4,6,0,5,5,2,4,3,0,0,0,5,6,0,0,4,0,3,0,0,6,0,0,0,0,4,4,1,0,0,6,5,5,2,0,0,1,0,4,4,0,2,0,1,2,0,0,0,4,0,0,4,0,6,4,0,6,0,3,0,0,0,0,0,0,0,2,3
boat,6,0,4,5,0,6,0,4,0,4,4,5,4,0,0,4,0,4,6,6,5,4,2,0,5,0,0,5,0,1,0,4,0,4,1,0,3,0,4,0,5,4,2,0,3,4,0,3,5,4,0,0,0,0,4,1,4,0,0,6,0,0,0,0,0,0,0,0
bonfire,6,6,0,5,6,6,5,6,4,6,4,4,3,0,0,4,6,0,0,5,0,4,2,3,6,6,0,5,0,0,5,5,0,5,0,0,2,2,5,0,4,6,0,4,5,4,5,4,5,5,0,4,0,0,4,6,2,0,4,0,0,0,0,0,4,0,5,3
book,6,6,0,4,3,4,4,4,4,0,6,6,4,0,0,6,0,0,4,4,3,4,0,0,0,0,0,2,0,0,0,4,2,4,2,0,3,6,4,3,0,4,4,4,5,4,2,3,4,4,0,6,0,5,4,0,3,0,4,0,0,0,0,0,4,0,2,3
bought,4,0,3,4,4,4,5,3,0,5,5,4,0,4,4,2,2,3,4,0,3,4,2,4,4,4,3,3,4,6,5,4,0,3,0,0,4,2,5,3,4,3,4,4,6,5,5,4,5,5,4,5,0,6,0,0,0,0,4,6,4,5,3,2,5,5,4,0
boy,6,0,0,0,0,0,5,0,1,0,5,0,4,0,0,4,0,3,6,0,5,0,0,6,0,3,4,4,4,3,6,5,2,4,5,0,5,5,3,3,0,4,2,2,6,5,6,0,2,0,0,4,0,4,0,0,0,0,0,0,0,0,0,3,6,6,3,0
bread,5,0,4,4,6,4,0,0,0,0,0,6,3,0,0,4,4,0,4,0,5,0,4,0,0,0,0,2,5,0,5,4,5,4,0,0,2,3,6,3,2,3,2,3,0,1,2,4,1,4,0,2,0,5,3,0,1,3,0,0,0,0,0,0,0,0,1,0
bribe,4,0,4,0,4,0,0,0,0,4,0,4,5,0,0,1,0,5,0,0,4,4,0,0,6,2,0,1,0,0,0,0,6,4,3,0,0,6,5,1,4,2,5,1,4,0,3,5,5,4,0,2,0,4,6,6,0,6,0,0,4,6,0,0,5,2,2,0
bridge,5,0,0,5,4,0,4,4,5,0,4,6,4,0,0,5,4,4,2,4,6,6,2,1,6,0,4,1,6,0,0,0,2,2,0,0,4,4,4,2,5,4,0,4,2,6,5,6,4,4,0,4,0,6,5,0,0,0,2,0,0,0,0,0,2,2,1,3
broccoli,6,4,1,5,5,0,4,0,0,0,0,5,5,0,0,5,3,0,0,5,3,2,3,0,0,0,0,0,0,0,6,5,6,3,0,0,2,1,4,0,0,0,0,0,0,0,0,5,4,2,0,2,0,6,5,0,0,0,0,0,0,0,0,0,0,0,1,0
broke,0,0,3,4,4,4,4,4,2,4,4,4,0,3,4,0,4,1,4,2,2,2,2,4,4,4,0,4,5,3,5,5,0,3,2,0,4,2,2,3,2,5,3,4,4,4,4,6,5,4,5,4,0,5,4,6,0,4,1,4,4,4,5,1,4,2,2,0
bugle,4,5,4,4,6,0,6,1,5,1,0,5,4,0,6,4,5,5,3,6,4,3,0,4,5,2,6,6,6,4,4,4,4,3,3,0,3,0,3,0,0,5,2,5,6,4,4,4,6,4,0,6,0,2,5,0,0,0,4,0,0,0,0,4,0,0,5,5
built,4,4,0,4,4,4,4,4,2,4,4,5,0,5,4,1,4,4,4,4,4,3,0,4,2,2,2,5,4,5,0,0,0,5,4,0,5,4,5,3,4,3,2,4,6,4,4,4,2,4,6,4,6,6,4,0,6,0,3,0,4,0,4,4,5,5,4,0
bus,6,4,0,3,2,6,6,6,0,6,4,6,4,0,2,2,1,4,0,0,4,4,3,5,6,6,0,5,0,0,0,5,0,6,6,0,4,0,5,0,4,3,4,5,6,5,5,4,6,2,0,3,0,0,5,0,3,0,0,0,0,0,0,0,0,0,5,0
business,4,0,4,4,1,0,0,3,6,3,4,0,4,0,0,2,0,4,0,0,0,0,2,5,0,4,0,3,0,3,0,4,4,2,2,0,4,6,4,4,4,5,5,4,4,6,4,4,4,5,4,3,6,4,4,4,3,0,0,0,1,0,0,0,4,0,6,4
businessman,4,1,4,3,0,4,4,4,3,4,3,4,2,5,0,0,0,0,0,0,2,0,1,4,2,6,0,2,0,4,5,3,2,4,0,0,4,0,5,4,2,2,2,4,4,1,2,5,4,6,6,4,0,5,5,0,4,0,0,0,0,3,0,0,6,0,5,3
butterfly,5,5,4,5,6,0,6,6,4,6,6,6,6,0,0,3,0,0,6,0,6,0,1,0,0,0,0,4,0,0,0,1,0,1,0,0,1,4,2,0,1,5,0,5,4,6,4,4,4,0,0,3,0,6,4,0,6,0,4,0,0,0,0,5,2,0,4,2
cab,4,0,4,4,1,4,2,0,0,6,4,6,5,0,0,3,0,6,4,0,4,4,0,3,0,2,0,4,0,0,5,4,6,1,0,0,6,0,5,3,4,2,5,5,4,3,3,0,6,5,0,4,0,5,5,2,0,0,0,0,0,0,0,0,0,3,6,0
cabbage,6,4,3,5,5,3,4,0,0,0,0,5,4,0,0,4,0,4,2,5,4,4,0,0,0,0,0,2,0,0,5,4,4,0,0,0,5,0,3,4,0,5,0,0,0,0,4,0,3,0,0,4,0,5,0,0,1,0,0,0,0,0,0,0,2,0,0,0
cabinet,5,0,0,4,5,4,0,0,2,6,3,6,0,0,0,6,5,4,6,0,4,4,0,0,4,3,4,5,0,0,0,3,0,2,0,0,4,4,5,6,0,2,3,0,4,0,0,4,6,2,0,2,0,2,4,0,0,0,0,0,0,0,0,0,0,0,0,0
cafeteria,5,4,4,5,4,4,0,4,2,0,0,4,3,0,0,4,0,4,0,0,5,2,0,5,4,0,0,1,0,0,6,4,6,3,1,0,4,4,5,4,2,4,2,5,5,0,2,4,4,5,0,2,0,4,5,0,4,0,0,0,0,0,0,0,0,0,2,2
camel,6,4,0,5,5,5,6,2,0,3,6,6,6,0,0,3,0,0,0,5,2,3,0,2,0,0,0,0,0,1,0,4,0,0,4,0,4,4,5,0,0,4,0,0,0,1,0,4,5,0,0,1,0,0,4,0,3,0,4,0,0,0,0,2,0,0,4,2
camera,4,4,5,5,5,0,4,0,4,2,4,5,5,0,5,5,0,4,4,0,6,4,0,0,6,0,0,4,0,0,0,3,0,6,0,0,0,5,4,5,1,3,0,2,3,0,4,2,3,4,0,6,0,0,5,0,0,0,2,0,0,0,0,0,3,6,4,0
car,6,0,0,5,4,0,0,4,4,0,0,4,4,0,0,6,6,2,6,0,0,5,1,2,6,4,0,5,0,0,0,4,0,4,5,0,4,6,4,5,6,4,0,0,0,4,1,4,6,4,0,1,0,6,5,0,0,0,0,0,0,0,0,0,0,0,3,3
carnival,4,6,4,4,5,6,4,6,5,4,4,3,4,2,0,0,0,0,2,0,4,4,2,2,4,2,6,5,2,2,3,5,4,2,1,0,0,4,5,0,1,4,1,5,4,4,5,5,4,6,4,4,0,4,4,2,4,2,5,0,0,0,2,4,0,0,5,4
carriage,4,4,4,5,4,4,5,0,4,4,5,5,4,0,2,3,4,4,4,2,3,0,2,3,4,3,0,1,0,0,0,0,0,5,0,0,4,4,5,2,2,4,0,5,2,0,3,4,3,0,0,0,0,4,4,0,0,0,0,0,0,0,0,0,0,0,5,0
carried,2,4,5,4,1,4,4,5,4,5,6,4,4,4,4,2,5,4,3,3,5,5,4,4,5,4,2,6,5,5,3,1,1,5,4,0,4,5,4,4,4,3,4,5,4,5,4,6,4,3,4,6,5,5,6,0,4,0,0,2,4,2,2,0,5,5,1,0
carrot,0,6,0,6,5,4,5,0,2,0,0,6,4,0,0,6,6,0,6,4,5,2,0,0,0,0,0,4,0,2,6,5,3,4,2,0,0,6,3,2,0,0,0,0,0,0,0,4,2,0,0,3,0,6,3,0,4,0,4,0,0,0,0,0,0,0,4,2
cash,6,5,5,3,4,4,5,5,0,0,3,4,5,0,0,4,0,0,5,2,4,4,4,0,6,4,0,4,6,0,0,4,3,3,0,0,3,0,5,4,4,4,6,3,3,0,6,6,6,4,0,4,0,4,4,0,1,0,2,0,0,0,0,0,5,4,0,0
cathedral,4,4,4,4,6,6,6,1,4,0,0,5,6,0,0,1,0,0,0,4,0,4,3,2,0,6,4,4,3,1,5,5,0,0,0,6,3,0,5,0,0,5,0,4,5,4,4,4,4,6,0,5,0,5,2,0,3,0,0,0,0,0,0,2,3,0,4,1
celebrated,0,0,5,4,6,4,4,6,5,0,4,6,0,5,5,3,0,3,4,2,4,0,4,4,4,3,0,5,4,4,5,3,4,3,3,0,4,6,3,1,0,5,4,5,4,5,5,6,6,5,5,4,2,4,0,0,4,3,6,2,0,0,4,4,6,4,5,5
cellphone,6,4,4,2,4,3,6,5,0,5,6,5,4,0,0,6,4,4,4,0,5,4,2,6,6,0,2,5,4,2,0,1,2,6,0,0,1,4,4,6,2,2,4,1,1,0,0,4,6,5,0,6,0,3,6,2,0,0,0,0,0,0,0,0,0,5,3,4
chair,6,5,0,3,2,2,0,0,0,0,0,6,4,0,0,4,0,0,4,0,0,2,0,0,0,0,0,0,0,0,0,0,0,2,4,0,0,4,4,4,0,0,0,0,0,0,0,4,3,2,0,2,0,6,4,0,0,0,0,0,0,0,0,0,0,0,0,0
cheese,0,5,0,4,5,4,3,0,0,0,1,5,5,0,0,4,5,3,3,0,4,6,0,0,0,4,0,0,0,0,0,5,5,4,0,0,0,4,3,1,0,5,0,4,3,0,0,3,0,3,0,4,0,6,4,0,4,0,0,0,0,0,0,0,0,0,6,0
cheetah,6,5,6,5,6,4,0,6,0,6,0,6,4,0,0,0,0,0,5,4,6,0,0,0,6,0,0,4,0,0,0,4,2,0,4,0,3,6,5,0,2,0,0,0,2,2,0,0,0,0,4,4,0,5,3,4,4,0,5,0,0,0,0,4,0,0,5,4
cherry,6,6,5,6,6,2,4,0,0,0,2,5,2,4,0,4,6,0,5,0,3,0,1,0,3,0,0,2,0,0,6,5,5,5,1,0,3,2,2,2,0,0,2,6,4,0,6,0,5,1,0,6,5,6,2,0,5,0,5,0,0,0,0,1,0,0,5,3
chestnut,4,4,6,5,5,0,4,2,3,0,4,4,4,0,0,4,4,3,3,4,5,4,3,0,0,4,0,0,0,0,5,5,1,4,0,0,4,2,4,0,0,4,0,6,5,0,2,6,4,4,0,1,0,3,4,0,4,0,4,0,0,0,0,1,4,0,4,0
chicken,2,0,0,5,5,0,4,6,0,4,4,4,0,0,0,4,0,0,3,0,6,3,0,0,3,6,0,5,0,0,5,5,4,0,2,0,3,4,3,4,0,4,0,3,5,0,0,5,4,2,0,4,0,6,4,0,0,0,0,0,0,0,0,0,0,0,2,0
child,3,4,4,0,0,0,6,6,0,6,4,6,5,0,1,0,0,4,0,0,6,6,0,4,6,0,6,0,0,6,0,4,5,5,0,0,6,0,0,0,2,4,5,4,6,6,5,0,3,6,0,0,0,6,3,0,6,0,5,0,0,0,0,4,0,0,4,0
chime,3,4,2,6,4,0,4,5,0,2,3,4,0,0,2,4,6,3,6,3,6,2,0,5,4,0,6,6,5,4,6,3,5,6,4,0,3,0,5,4,3,5,3,5,4,2,6,0,4,2,0,4,0,6,4,0,4,0,5,0,0,0,0,4,4,2,6,3
chipmunk,6,5,4,5,4,0,6,0,0,5,4,5,4,0,0,4,0,4,6,4,6,0,0,4,3,0,6,4,4,2,0,4,4,0,4,0,5,4,5,0,0,0,0,1,6,6,0,4,2,0,0,2,0,6,4,0,4,0,2,0,0,0,0,0,0,0,4,3
chocolate,6,0,4,5,5,0,6,0,4,0,0,5,6,0,0,5,0,4,6,0,4,2,0,0,0,0,2,2,0,0,5,6,5,5,0,0,4,5,4,0,2,2,4,4,2,3,2,3,4,5,0,4,0,5,4,0,4,0,4,0,0,0,0,0,0,0,0,4
choir,4,4,4,0,0,4,4,5,4,2,4,2,4,0,0,0,0,0,0,0,4,0,0,5,6,6,6,5,6,4,6,4,1,2,0,0,4,4,5,0,0,0,4,4,6,4,2,4,6,6,4,5,0,6,5,0,3,0,4,2,0,0,0,0,2,0,3,2
church,0,5,4,4,6,4,4,4,0,6,3,4,5,0,0,0,0,6,0,0,4,4,1,5,4,6,0,4,2,0,0,5,3,0,0,2,2,3,5,0,4,4,4,5,5,2,4,0,5,6,0,4,0,4,4,0,0,0,4,0,0,0,0,2,4,0,5,2
circus,4,6,0,5,5,4,4,6,0,6,0,6,5,0,0,1,0,0,4,0,5,3,2,0,4,4,5,4,4,3,0,4,0,4,4,0,3,0,6,0,0,4,4,5,5,4,5,0,4,6,0,2,0,2,5,0,5,0,5,0,0,0,0,4,0,0,5,4
clang,4,0,0,4,4,4,4,0,4,6,6,5,4,0,0,2,0,5,0,0,6,0,6,5,5,4,6,5,3,5,0,6,2,3,0,0,2,3,3,0,4,1,0,4,6,0,5,5,5,4,0,4,0,4,4,0,0,4,5,3,6,0,0,2,0,6,5,1
clarinet,5,4,3,3,4,2,4,3,4,0,2,5,4,0,0,3,0,4,2,4,4,3,2,6,1,5,4,6,5,0,0,3,6,6,0,0,0,4,5,0,3,3,0,4,2,2,2,4,4,5,0,6,0,4,4,0,4,0,5,0,0,0,0,0,0,0,3,1
clever,0,4,4,5,0,3,0,6,3,4,6,0,4,5,0,6,6,5,4,5,6,6,5,4,6,4,6,5,3,0,0,0,0,4,3,0,5,0,5,4,5,0,5,0,5,0,4,5,5,5,0,4,0,4,0,6,4,4,4,4,0,5,5,4,4,5,4,5
cloud,5,5,5,5,5,4,4,4,0,6,3,3,0,0,0,0,0,5,0,6,4,0,2,0,0,0,0,5,0,0,0,2,1,0,0,0,0,0,3,4,4,4,2,0,4,5,3,3,4,2,0,5,0,6,5,0,4,0,4,0,0,0,0,0,0,0,4,2
clue,4,0,4,0,6,0,6,4,0,0,0,0,4,0,0,4,0,0,0,0,0,6,0,2,0,4,0,0,2,4,4,6,0,3,5,0,4,3,0,0,4,0,4,4,0,4,3,0,4,4,0,4,0,5,6,0,0,0,2,0,0,0,0,1,2,6,5,4
coffee,5,0,6,5,5,3,3,4,0,0,6,6,2,0,0,4,6,5,0,0,4,0,2,0,0,0,0,4,0,0,6,5,5,6,2,0,4,6,5,0,2,2,4,6,4,3,4,4,5,4,0,5,0,0,5,0,6,0,4,2,0,0,0,0,2,0,0,6
cold,6,5,4,6,4,4,4,6,6,5,4,4,4,5,4,0,2,6,0,0,6,4,2,4,0,4,4,4,5,5,5,0,5,3,4,0,4,4,0,4,0,4,4,4,5,4,4,3,4,4,0,5,5,4,4,0,4,3,0,5,4,2,4,4,1,4,4,3
college,2,4,4,5,4,0,0,2,0,1,0,4,4,0,0,0,0,0,0,0,5,4,2,0,0,0,0,4,6,0,0,4,1,0,0,0,2,3,4,5,6,4,4,6,6,5,4,6,6,5,1,1,0,4,6,0,6,0,4,0,0,0,4,0,5,0,4,4
comb,4,5,0,5,6,5,4,6,4,4,4,4,2,0,4,4,0,0,6,5,5,0,4,0,0,0,0,4,2,0,0,0,4,6,0,0,4,1,5,2,4,5,5,4,4,6,4,6,2,0,0,2,0,0,4,1,4,0,2,0,0,0,0,0,4,0,2,0
commander,3,4,0,4,3,6,0,3,5,3,0,4,2,4,0,0,6,4,5,2,2,0,0,2,4,4,0,4,0,4,0,0,4,3,5,0,6,4,6,6,4,2,5,4,4,4,4,0,6,6,4,4,0,6,4,1,3,0,1,0,0,0,4,4,2,5,5,2
company,0,0,0,0,0,2,2,0,0,0,4,0,0,0,0,4,0,0,0,4,0,0,0,3,0,0,0,0,0,5,1,0,5,0,5,0,4,0,5,0,5,5,4,4,4,4,4,0,4,5,0,5,0,6,5,0,4,0,4,0,0,0,0,3,4,0,5,5
computer,4,3,0,5,4,4,5,0,0,6,0,4,0,0,0,6,4,4,0,0,6,4,0,0,4,0,0,5,2,3,0,4,0,6,0,0,3,4,2,5,1,4,4,4,4,6,3,0,4,4,0,6,0,4,6,0,3,0,0,0,0,0,0,0,0,6,3,2
corkscrew,6,5,2,5,6,4,5,6,4,4,4,5,5,0,0,4,0,3,4,4,6,2,3,2,1,0,4,5,1,0,0,4,0,6,1,0,1,5,4,2,0,5,0,1,5,0,4,4,4,3,0,2,0,4,4,0,0,0,5,0,0,0,0,0,0,0,3,2
corn,6,5,4,4,6,5,0,1,4,0,0,5,4,0,0,4,6,6,4,3,4,2,0,0,0,0,0,2,0,0,5,5,2,2,0,0,4,5,5,2,0,3,0,4,0,0,5,0,0,0,0,2,0,0,3,0,4,0,0,0,0,0,0,0,0,0,0,0
cough,0,4,1,1,0,0,4,0,4,4,3,1,0,0,0,0,0,0,0,0,4,0,5,6,6,5,6,6,5,0,0,4,6,1,0,0,0,5,3,2,4,5,4,5,5,3,5,4,5,2,1,4,0,0,0,1,0,0,0,0,0,0,0,0,2,0,4,1
council,4,4,0,0,0,4,2,4,0,4,2,0,4,4,6,5,0,4,4,0,0,0,0,3,0,0,0,0,2,4,0,0,4,5,1,0,4,4,5,4,3,4,4,2,6,5,5,0,5,6,2,6,0,5,6,0,5,0,2,0,0,0,0,0,4,6,4,2
couple,5,2,2,4,1,2,4,0,0,0,4,4,0,0,0,0,0,0,0,0,0,4,0,4,2,0,5,3,0,4,4,4,0,5,0,0,5,0,3,5,6,2,0,4,4,2,4,0,5,6,0,3,0,6,4,0,0,0,6,2,0,0,0,4,0,0,2,4
court,2,4,3,5,4,0,4,0,5,0,0,4,0,0,0,2,0,0,4,6,0,0,0,2,0,0,0,0,0,2,2,4,0,1,5,0,3,0,5,4,4,4,4,4,4,4,4,0,4,6,1,5,0,5,4,0,0,0,4,0,2,1,0,0,0,0,4,3
cranberry,5,4,3,6,4,0,5,4,0,0,0,4,2,0,0,4,0,4,0,3,3,0,3,0,0,0,4,2,0,0,4,5,5,0,0,0,0,6,4,0,1,3,4,3,0,0,4,3,3,0,0,2,0,4,4,0,3,0,3,0,0,0,0,0,2,0,3,2
crib,6,5,4,5,5,4,6,0,4,0,4,5,3,0,6,4,0,6,6,4,5,4,4,6,6,2,0,3,0,0,5,1,0,0,0,0,5,6,5,1,0,1,0,6,4,3,0,4,2,0,0,5,0,6,5,0,0,0,0,2,0,0,0,5,0,0,5,0
criminal,0,0,0,0,6,0,0,4,0,4,5,0,0,0,0,0,0,0,0,0,0,3,0,0,0,0,0,6,0,2,6,3,4,0,0,0,3,6,5,0,5,4,0,4,6,6,4,0,0,0,0,4,0,5,0,0,0,0,0,3,5,3,5,3,0,0,4,2
crossed,5,4,4,5,4,4,2,5,4,4,4,4,4,3,4,3,4,4,5,4,3,3,5,5,5,5,4,6,3,5,2,4,4,3,5,0,4,4,3,5,4,5,2,4,4,4,5,5,4,4,5,5,0,5,3,6,4,3,3,3,5,2,4,3,5,4,3,3
crow,3,5,5,6,5,2,5,4,2,6,3,6,4,0,0,2,0,1,0,0,5,0,2,5,4,3,0,6,4,2,0,4,4,5,2,0,4,4,4,0,4,4,5,2,4,0,1,4,6,4,6,2,0,6,4,4,4,0,4,0,0,0,1,4,0,0,3,3
cucumber,6,6,0,5,4,3,4,0,6,0,0,4,2,0,0,5,0,4,6,0,4,0,0,0,0,0,0,0,0,0,4,5,5,2,0,0,6,4,4,4,0,2,0,5,0,0,3,1,0,0,0,5,0,6,3,0,0,0,2,0,0,0,0,0,0,0,0,1
curse,4,0,4,4,4,2,0,4,5,4,4,3,6,0,5,4,5,3,4,0,0,6,5,3,3,3,0,2,0,4,6,0,4,4,5,0,4,6,4,6,6,4,5,3,4,6,4,3,6,2,4,5,6,6,4,4,0,5,0,4,4,4,5,2,4,5,2,4
cyclone,4,4,5,6,4,5,5,4,5,0,4,5,4,0,0,0,1,0,0,0,2,0,5,4,3,4,4,4,0,0,0,1,2,0,0,0,4,6,4,0,4,4,0,4,6,4,4,3,6,1,0,2,0,5,2,4,1,2,0,0,0,0,0,2,0,0,3,5
damaged,2,0,4,4,4,4,5,4,0,4,4,5,0,4,4,2,4,4,0,4,4,4,4,4,4,4,4,4,2,0,2,5,2,3,2,0,4,4,5,4,5,3,3,4,4,5,4,4,5,4,4,3,0,4,0,4,0,6,0,5,4,2,5,3,2,5,4,0
dandelion,5,6,0,5,5,0,3,5,4,1,1,5,5,0,0,4,0,0,6,3,6,0,0,0,0,0,0,0,0,0,4,5,4,2,0,0,2,2,5,0,0,4,1,5,4,1,5,3,4,0,0,3,0,0,4,0,3,0,4,0,0,0,0,0,0,0,2,0
dangerous,5,0,4,3,4,3,2,5,0,4,0,0,3,3,4,2,5,5,0,6,0,4,6,4,4,4,3,4,4,6,0,0,0,0,4,0,4,0,0,5,6,2,4,4,0,4,4,0,0,5,0,4,0,4,2,3,0,5,0,4,4,5,4,4,5,1,3,4
dark,6,4,3,6,2,2,4,4,5,0,4,4,4,0,0,6,4,5,2,0,6,0,3,6,4,4,0,4,5,4,6,1,3,5,4,0,4,4,0,5,0,6,4,0,3,5,0,0,0,4,4,0,0,4,6,4,3,0,0,5,2,4,5,4,2,5,4,4
day,5,6,6,6,6,5,6,6,4,5,4,0,5,0,0,0,4,6,0,0,1,0,0,0,0,0,0,4,0,0,0,2,4,2,2,0,2,3,4,0,4,6,3,6,6,4,0,5,4,1,0,6,0,4,4,0,4,0,0,0,0,0,0,0,4,6,2,0
dead,0,6,4,4,4,4,6,5,2,5,5,2,5,4,5,4,5,6,6,5,6,0,0,2,6,5,0,5,4,3,0,6,5,2,0,5,6,3,5,4,2,4,4,6,4,4,4,0,0,6,0,0,0,0,4,6,4,4,0,4,4,5,4,5,3,5,6,0
debate,5,3,4,4,2,3,4,4,5,3,5,4,4,0,0,0,0,0,0,0,5,3,4,6,0,0,0,3,4,4,0,0,4,4,1,2,2,6,4,2,4,5,1,4,5,4,5,4,4,6,5,6,0,6,5,0,2,0,0,2,1,0,0,0,0,4,4,4
deceit,4,4,5,2,0,5,0,4,2,3,4,2,5,0,0,0,0,0,0,0,4,6,4,4,0,3,0,3,0,4,0,0,4,4,5,0,1,4,4,3,4,4,0,0,4,5,2,4,6,5,6,5,0,5,0,6,0,6,0,3,4,6,3,3,0,0,5,2
delirium,4,4,4,6,5,4,4,4,0,0,2,4,4,0,0,0,0,0,0,0,4,4,4,4,3,2,0,4,5,5,0,4,4,0,0,0,1,4,3,4,0,4,2,1,4,1,4,4,5,2,0,4,4,5,4,3,0,0,1,0,0,4,5,4,0,0,4,4
delivered,3,2,5,0,4,4,3,2,0,5,5,2,3,4,4,4,5,2,4,3,4,4,2,5,1,4,0,4,4,6,4,4,4,4,1,0,4,5,6,2,4,4,5,4,5,5,4,4,4,5,6,5,6,2,4,4,0,0,3,4,2,0,4,2,2,5,3,0
denial,4,3,4,2,0,5,0,5,0,4,4,4,4,0,0,0,4,0,0,0,2,5,5,4,0,4,3,5,0,1,0,0,4,4,2,0,0,3,4,6,3,4,4,3,4,5,4,5,5,5,4,5,0,5,1,2,0,4,0,0,3,0,4,1,2,0,4,2
desk,5,6,4,5,4,4,2,0,0,0,0,6,0,0,0,4,0,5,4,0,4,4,1,0,4,0,0,1,0,0,0,2,0,5,2,0,4,4,5,6,4,1,0,0,0,3,0,0,4,0,0,1,0,2,4,0,0,0,0,0,0,0,0,0,0,0,0,0
destroyed,3,0,4,4,5,4,4,4,0,2,0,5,0,4,4,2,5,3,1,4,1,4,4,4,4,3,2,3,0,4,2,2,2,4,0,0,2,4,4,5,4,4,1,2,2,4,4,5,6,4,4,2,0,3,1,4,0,5,0,5,5,4,4,4,4,0,4,3
dictation,2,1,0,0,0,2,6,0,4,6,2,4,2,0,0,0,0,6,0,0,6,0,2,6,0,0,3,3,3,3,0,0,6,4,0,0,0,0,2,5,5,4,4,4,5,0,5,6,4,4,4,4,0,5,6,4,5,2,0,0,0,0,0,4,4,6,5,1
dime,5,5,4,4,2,0,6,0,0,5,4,6,2,1,0,5,6,5,6,6,6,0,0,3,0,0,2,5,6,0,0,0,4,4,0,0,0,4,5,5,0,2,5,4,4,0,1,0,5,2,0,0,0,6,2,0,0,0,3,0,0,0,0,0,4,0,4,0
dinner,5,0,0,4,6,4,4,1,0,0,0,4,0,0,5,5,6,6,0,0,3,2,0,0,0,0,0,2,2,0,0,3,6,5,1,0,3,0,4,4,2,2,4,6,5,4,5,4,5,5,0,4,0,4,4,0,2,0,4,0,0,0,0,0,0,6,2,0
diplomat,4,5,0,3,4,1,5,4,4,0,4,5,0,0,0,0,0,4,0,0,0,6,0,4,0,0,0,4,0,5,0,0,4,4,0,0,1,5,3,1,2,3,2,5,4,5,4,3,4,6,0,6,0,6,6,0,4,0,0,0,0,0,0,0,0,0,4,2
doctor,2,2,0,0,3,4,4,0,0,4,0,5,6,0,6,2,6,5,0,0,4,2,3,4,2,2,0,5,2,6,0,0,0,1,0,0,0,6,5,0,0,5,2,4,6,4,2,0,3,6,6,5,6,6,6,0,3,0,4,0,0,0,0,2,2,0,4,0
dog,4,3,6,4,5,6,6,6,0,0,4,6,0,5,0,4,0,0,4,0,4,0,2,4,4,2,6,6,0,0,6,5,4,0,4,0,3,3,5,0,3,2,0,3,3,0,0,0,0,2,0,5,0,6,6,0,5,0,0,0,0,0,0,0,0,0,5,2
dolphin,4,6,3,5,6,4,4,6,0,6,6,6,4,0,0,5,0,3,5,4,4,2,0,1,4,2,5,5,6,4,0,2,5,0,0,0,0,6,5,0,2,4,0,0,6,0,0,2,5,0,4,3,0,4,5,0,4,0,4,0,0,0,0,5,0,0,5,3
door,6,3,0,5,5,2,6,0,0,0,4,6,5,0,0,4,2,5,0,6,4,4,0,2,2,6,6,5,0,0,0,5,0,6,1,0,5,4,5,0,2,4,0,2,1,0,0,3,4,0,0,1,0,0,4,0,0,0,0,0,0,0,0,0,0,0,4,4
downpour,6,1,5,5,3,6,0,6,4,6,5,4,4,0,0,2,0,3,0,0,0,3,4,6,4,3,4,6,5,0,0,5,2,2,4,0,4,4,4,3,4,4,2,4,4,5,5,5,5,0,0,5,0,0,4,4,0,0,0,0,0,0,0,4,0,0,5,4
drank,5,0,4,4,2,4,4,4,0,0,3,4,5,5,3,2,4,4,5,2,4,2,5,4,5,4,0,5,4,4,4,4,6,4,0,0,0,4,5,4,5,6,0,2,4,4,4,4,4,5,4,0,0,4,0,4,0,0,4,4,6,4,1,0,4,5,4,5
dread,4,0,5,6,0,0,5,0,0,6,3,4,4,0,0,0,6,0,4,0,2,5,4,3,0,5,3,5,0,4,0,4,3,0,6,0,0,3,5,0,3,5,4,1,4,5,0,4,5,2,0,4,0,5,4,6,0,6,0,3,0,2,5,0,4,0,5,4
drew,4,4,4,5,4,2,3,5,2,5,6,2,0,2,4,4,4,6,4,5,3,5,5,6,4,4,0,4,4,4,5,5,4,4,1,0,2,4,6,6,3,6,1,4,6,4,5,3,4,5,4,6,0,6,4,0,0,4,4,5,4,2,5,4,5,4,4,4
driver,4,5,4,6,4,0,0,0,4,0,4,0,6,3,0,4,5,0,0,4,5,6,2,4,6,0,6,4,0,4,4,4,2,0,2,0,2,0,5,6,5,5,4,5,6,2,6,0,4,5,6,5,6,4,5,2,4,0,3,0,0,0,2,0,5,0,4,4
dropped,4,5,5,4,4,4,4,5,1,4,5,4,4,4,6,2,5,3,4,3,4,5,4,5,5,4,4,4,4,5,2,4,0,6,0,0,5,5,3,4,4,6,2,3,4,3,5,5,6,0,4,3,0,3,4,4,0,0,2,4,5,2,5,5,4,5,4,4
drum,5,4,0,3,4,4,5,6,0,0,4,5,6,0,0,5,6,6,0,4,5,4,4,6,4,5,4,6,5,4,0,2,2,4,3,0,4,0,5,1,3,4,4,3,4,5,4,0,4,4,0,5,0,2,4,0,4,0,4,0,0,0,0,2,3,6,4,4
duck,0,0,6,5,4,0,5,6,0,5,6,6,5,0,0,5,4,0,4,4,4,2,0,0,0,0,6,5,0,1,5,4,4,1,4,0,1,0,4,0,0,3,0,2,0,0,0,6,4,4,0,5,0,6,4,0,4,0,4,0,0,0,0,3,0,0,5,0
dusty,5,4,4,4,5,5,2,6,6,0,4,0,4,4,0,4,3,4,0,5,0,5,6,5,0,2,0,5,5,4,5,4,4,5,0,3,3,0,5,4,2,5,2,4,4,5,2,4,3,2,0,3,5,5,0,3,1,4,0,4,4,4,4,0,0,0,3,2
editor,6,5,4,0,4,5,4,5,3,6,3,3,4,0,0,1,0,3,2,0,5,0,0,4,0,0,0,4,5,4,4,0,1,4,0,0,4,6,5,6,2,6,0,4,6,3,4,0,6,4,5,5,4,6,4,0,4,0,2,0,0,0,0,4,4,0,4,1
egg,5,5,3,6,6,4,4,0,0,0,5,5,5,0,0,6,0,3,5,2,6,1,0,0,5,0,0,2,0,3,5,5,4,4,0,0,0,6,4,4,0,4,2,4,3,0,0,5,3,0,0,4,0,5,2,0,5,0,4,0,0,0,0,0,0,6,3,0
eggplant,6,3,5,6,5,4,5,0,0,0,0,5,4,0,0,4,0,4,4,5,4,4,0,0,0,4,0,0,0,0,5,5,0,0,0,0,1,4,4,0,0,0,0,0,0,0,0,2,3,0,0,1,0,0,4,0,0,0,0,0,0,0,0,0,0,0,2,2
election,3,2,4,1,0,2,5,0,0,0,3,3,0,0,0,0,0,6,0,0,2,4,3,2,0,0,0,4,0,0,0,0,3,4,0,0,0,4,5,0,5,4,4,4,5,5,4,3,6,6,0,2,0,6,6,0,0,0,0,0,0,0,0,0,2,0,5,0
elephant,5,4,4,5,6,6,0,5,3,3,6,6,5,0,6,4,0,3,3,4,0,6,1,0,6,6,0,5,0,6,0,4,1,0,4,0,4,4,5,0,0,4,2,0,1,0,0,5,0,0,0,2,0,6,5,2,5,0,4,0,0,0,0,2,0,0,5,2
elevator,5,6,0,3,5,3,4,3,4,6,4,6,4,0,0,6,4,0,3,0,5,3,0,2,6,0,0,5,0,0,0,5,0,1,0,0,5,6,6,3,0,4,5,5,6,0,6,3,4,2,0,2,0,0,5,0,0,0,0,0,0,0,0,0,0,0,3,2
elm,5,0,4,3,6,4,1,1,5,0,0,4,6,0,0,5,5,0,2,4,3,4,0,0,0,4,0,4,0,4,4,4,0,3,0,0,3,6,4,1,4,0,0,6,3,5,0,0,4,0,0,0,0,6,0,0,4,0,6,0,0,0,0,0,0,1,0,3
embassy,5,3,4,4,4,6,4,1,4,0,3,4,3,0,0,0,0,5,0,0,0,4,0,2,0,0,6,0,5,2,0,2,0,0,1,0,4,3,5,0,5,4,0,2,5,3,2,4,4,5,0,5,0,5,5,0,0,0,0,0,0,0,0,0,2,0,2,2
embrace,0,2,0,0,0,0,0,5,0,4,6,0,0,0,0,4,0,0,5,0,6,0,4,4,0,0,0,0,5,5,4,6,0,5,3,0,0,5,5,4,4,6,2,0,5,4,5,0,0,6,0,6,0,5,6,6,0,4,4,2,4,4,6,5,5,0,4,5
empty,4,6,5,0,4,6,4,6,4,5,3,6,5,6,6,6,0,2,4,6,4,5,4,6,4,2,2,3,4,5,5,0,6,4,6,0,3,5,6,6,4,4,5,6,6,4,4,0,0,5,4,0,2,5,0,3,6,5,4,4,2,4,4,2,3,6,5,5
ended,6,0,5,5,0,4,4,4,2,4,3,4,6,0,5,0,4,5,2,6,6,2,2,5,0,6,4,5,3,4,3,4,6,3,4,0,5,6,6,0,4,6,4,4,4,4,4,5,4,5,2,6,0,6,0,0,0,5,4,4,4,2,5,4,6,0,5,0
engineer,4,0,4,0,2,0,0,0,0,5,2,4,5,0,0,0,0,6,0,0,0,0,2,3,0,0,0,4,5,4,0,4,4,5,5,0,3,0,5,4,2,4,6,6,2,5,4,0,4,5,6,4,6,6,6,2,4,0,1,0,0,0,0,0,2,5,4,3
envy,5,2,4,4,2,0,4,3,0,4,4,2,0,0,0,0,0,0,0,0,3,5,4,1,0,0,0,2,6,2,4,2,2,3,0,0,2,2,4,4,2,4,0,3,4,4,2,4,5,5,4,4,5,6,0,3,0,4,0,4,4,3,1,0,3,0,5,4
era,4,4,0,0,3,0,4,0,5,6,0,4,5,0,0,5,0,4,0,0,6,0,4,4,0,0,0,4,4,5,6,6,4,0,5,0,0,0,0,4,4,2,4,5,4,5,0,0,0,0,4,6,0,6,6,0,4,0,0,0,0,0,5,4,4,5,5,2
escalator,6,3,4,5,5,4,4,5,4,6,6,6,4,0,0,4,3,4,2,1,2,5,1,2,4,4,0,5,0,0,0,3,0,1,0,0,5,6,5,4,2,5,0,5,1,2,0,0,4,2,0,0,0,0,5,1,0,0,0,0,0,0,0,0,0,0,4,1
etiquette,4,4,0,2,0,0,0,4,6,4,4,4,3,0,0,4,0,5,0,0,4,3,0,4,4,3,4,5,2,3,2,0,4,6,2,0,2,1,5,4,2,4,2,6,2,5,2,5,4,6,4,6,6,4,5,0,4,0,1,0,0,0,0,0,4,0,3,2
evening,2,4,6,5,0,4,0,6,6,2,5,4,4,0,6,0,5,6,0,0,5,0,4,1,0,2,6,4,4,0,4,0,4,3,2,0,0,3,4,0,3,3,3,6,5,4,2,6,4,4,0,4,0,4,5,0,4,0,3,0,0,0,0,0,0,4,4,2
excuse,4,6,0,4,4,0,0,0,0,0,0,0,0,0,0,4,0,0,0,6,0,0,0,4,0,0,0,0,2,2,0,0,2,4,2,0,2,4,3,0,6,2,2,1,2,0,3,5,4,6,5,4,4,6,4,0,2,0,0,5,0,0,0,0,0,0,4,0
expensive,0,4,1,4,6,4,4,2,2,6,0,0,0,3,0,0,0,3,4,4,4,5,4,4,4,0,6,4,0,0,0,3,4,2,4,0,4,2,5,4,6,6,5,0,4,4,3,0,5,4,5,4,0,2,2,6,2,4,4,3,4,4,4,4,3,4,5,2
explosion,6,6,6,4,6,6,6,6,0,6,4,6,6,0,0,0,6,0,0,0,0,6,5,6,6,6,5,5,4,0,0,4,4,4,2,0,4,4,4,1,4,6,4,0,5,0,6,6,6,0,0,5,0,0,2,0,0,0,0,0,2,0,3,5,0,0,5,5
eye,0,4,0,0,0,0,6,0,2,0,4,0,5,0,4,0,0,4,3,6,6,0,0,0,0,0,1,2,0,6,0,0,5,0,1,0,4,0,0,4,6,2,0,6,5,0,4,0,0,0,0,6,0,6,3,0,0,0,6,0,0,0,0,0,2,6,4,4
fallacy,6,0,6,0,6,4,0,4,0,6,0,0,4,0,0,0,0,0,6,0,6,0,5,5,0,0,2,4,5,3,1,0,4,4,0,0,0,4,3,0,0,4,4,2,2,5,1,4,4,6,0,6,0,4,2,4,0,2,0,4,0,0,0,0,4,0,4,0
family,0,0,4,0,5,0,0,6,4,6,5,4,5,0,0,3,5,2,0,0,0,0,4,4,0,0,0,4,0,4,5,5,4,0,0,0,4,6,5,4,4,2,3,4,5,6,4,4,3,5,4,4,5,5,5,0,4,4,4,4,0,0,0,0,2,0,4,2
famous,0,6,4,0,5,2,5,0,6,6,0,4,0,0,5,4,5,6,4,4,5,6,4,5,5,5,0,6,0,0,6,5,0,6,5,4,4,5,0,5,0,4,0,4,5,0,5,0,0,5,0,6,0,4,4,4,3,5,4,0,2,3,4,4,5,3,5,4
farm,4,6,0,0,3,6,4,0,4,6,0,6,4,0,0,5,0,0,0,3,3,0,0,2,0,0,3,6,0,0,0,5,0,0,0,0,5,0,5,4,0,4,2,5,2,3,0,4,4,3,0,4,0,0,5,0,0,0,0,0,0,0,0,0,0,0,2,0
farmer,6,4,4,0,3,2,5,3,3,4,6,6,4,0,4,1,6,3,1,3,2,3,2,4,5,2,0,5,3,1,4,4,0,5,1,0,5,2,5,0,2,4,0,5,5,6,0,5,3,1,4,1,0,6,5,0,3,0,4,0,0,0,0,2,0,0,1,2
fate,3,4,6,4,5,0,0,6,5,4,5,3,5,0,4,0,0,4,6,0,6,4,0,1,0,5,0,4,0,0,0,4,4,4,4,0,3,4,5,4,0,3,3,2,4,2,2,0,0,3,4,4,0,5,6,4,0,6,4,4,0,6,3,2,4,0,4,4
faucet,5,4,3,4,5,4,4,4,5,4,4,5,2,0,1,5,6,6,5,2,3,2,0,4,4,2,4,6,0,1,0,0,0,6,0,0,4,4,5,4,2,4,0,2,4,0,0,4,4,0,0,1,0,0,4,0,0,0,0,0,0,0,0,0,0,0,0,0
feared,4,0,5,4,4,4,5,2,4,4,4,4,0,5,5,2,4,3,0,6,3,4,4,4,5,0,2,0,4,6,4,3,2,1,2,0,4,2,4,4,0,4,4,3,2,4,4,4,5,4,5,6,0,5,0,4,0,0,4,4,4,3,4,4,4,4,4,6
feather,4,5,5,4,6,0,5,0,0,5,6,4,3,0,0,5,0,4,6,0,5,0,0,0,0,2,2,6,0,0,0,2,2,4,0,0,5,4,4,2,3,4,1,4,0,0,6,4,1,0,0,5,0,5,5,0,4,0,0,0,0,0,0,0,0,0,1,2
fed,4,0,2,0,6,6,5,5,2,5,4,4,0,3,1,4,6,4,5,6,4,4,4,6,5,0,5,4,3,3,4,4,6,3,0,0,4,5,4,4,5,5,5,6,4,4,4,6,5,5,6,6,6,6,4,0,0,0,2,2,5,1,3,0,5,5,4,0
fee,0,4,0,0,4,3,6,0,0,4,0,5,0,4,0,0,6,0,0,0,6,0,0,3,4,0,4,5,5,5,4,0,0,0,0,0,5,1,4,4,4,0,5,0,0,4,0,4,4,0,0,6,0,6,5,0,6,0,0,0,0,0,0,0,0,0,6,0
fence,6,0,0,3,6,0,4,0,6,0,4,5,0,0,0,5,0,4,3,3,4,4,1,0,3,0,2,0,0,0,0,2,0,4,4,0,4,5,4,2,1,4,0,0,2,2,0,4,4,4,0,2,0,0,6,0,1,0,0,0,0,0,0,0,0,1,2,2
festival,4,4,0,0,4,3,0,6,4,6,4,4,6,0,0,0,0,0,6,0,0,0,3,4,4,2,4,4,4,0,6,5,6,0,3,0,4,3,4,4,0,4,5,4,4,4,6,0,6,6,0,4,0,4,4,0,6,0,5,0,0,0,0,4,4,0,5,4
fiddle,4,4,4,4,5,0,5,4,3,2,4,5,4,0,0,5,4,4,6,6,4,2,4,4,4,3,4,5,6,3,4,4,3,6,2,0,0,0,4,4,1,4,2,4,5,4,4,6,4,4,0,5,6,6,4,0,3,0,4,0,0,0,0,1,4,0,4,4
field,0,0,0,0,4,4,5,6,0,0,0,0,0,0,0,0,0,0,4,0,0,0,6,5,0,4,6,0,3,4,0,6,0,0,5,0,0,3,4,4,4,1,6,4,5,5,4,4,5,6,4,6,0,4,6,4,4,0,4,0,0,0,0,0,5,0,5,2
finger,5,0,3,4,5,1,6,4,0,6,6,6,0,0,0,6,0,6,4,0,6,1,4,0,4,5,4,3,0,0,0,0,4,6,0,0,1,6,3,3,5,5,5,1,0,2,0,3,6,2,0,5,2,5,0,0,2,0,0,0,0,0,0,0,0,0,5,2
fireworks,6,6,0,5,4,5,6,6,0,6,4,5,6,0,0,0,4,0,0,0,1,0,0,6,6,6,6,6,1,0,0,5,0,0,0,0,2,6,5,0,2,5,4,5,6,4,6,6,5,4,0,5,0,0,4,5,4,0,4,0,0,0,0,5,4,0,6,5
fish,5,4,4,4,4,4,4,4,0,2,4,4,0,0,5,6,0,5,6,0,6,4,0,0,0,0,0,4,2,0,6,4,2,1,0,0,2,6,5,0,5,2,6,2,0,0,0,4,4,1,0,5,0,5,4,1,4,0,4,0,0,0,0,4,0,0,2,0
fixed,3,5,5,4,4,2,4,4,4,4,5,4,4,4,4,4,5,4,5,4,5,2,4,5,4,4,4,4,4,6,0,4,6,5,2,6,6,5,4,4,4,5,3,4,2,4,4,5,4,2,6,6,0,5,4,0,0,6,4,5,4,2,4,4,5,5,4,4
flew,4,4,4,1,4,2,6,5,4,5,4,4,0,4,4,2,5,4,4,5,4,1,6,3,1,3,5,0,3,5,4,6,0,0,0,0,6,5,5,4,5,5,0,5,4,5,6,2,5,2,5,5,0,6,2,0,0,0,5,6,4,5,3,2,4,6,2,2
flood,5,4,5,4,4,6,6,4,6,4,0,5,4,0,0,4,6,6,0,0,4,4,4,4,5,5,0,6,0,0,2,4,1,0,1,0,3,0,5,2,0,4,2,4,4,5,4,6,6,2,6,6,0,0,5,5,0,0,0,4,0,0,1,2,0,0,4,3
flower,4,0,0,6,0,3,6,2,4,0,5,6,0,0,4,4,0,3,6,0,6,0,0,0,2,2,0,0,2,0,0,4,4,5,5,0,2,6,6,0,3,4,2,4,4,0,5,0,5,3,0,4,0,5,4,0,5,0,3,0,0,0,0,0,5,0,5,0
flute,2,5,4,2,4,0,4,6,0,0,5,5,4,0,0,4,5,0,6,0,6,2,0,5,5,3,5,6,6,0,0,1,6,5,0,0,2,2,4,2,3,3,0,4,4,4,2,4,2,5,0,6,0,4,5,0,5,0,5,0,0,0,0,4,0,0,2,3
folly,5,3,4,4,4,0,0,0,4,6,4,4,0,0,4,0,5,4,5,4,6,4,4,0,0,0,0,4,0,4,6,4,5,4,2,0,4,4,4,3,0,5,5,4,4,4,6,0,4,6,0,4,0,4,3,4,0,0,4,0,0,2,3,4,4,0,4,2
foot,4,6,0,0,6,4,4,0,0,0,4,6,4,0,3,6,4,6,0,6,4,6,5,0,3,0,3,0,0,0,2,4,0,2,6,0,4,2,4,5,0,2,0,6,5,0,0,0,4,0,0,5,0,0,4,0,0,1,0,0,0,0,0,6,0,0,2,0
football,6,4,0,0,4,4,6,0,6,5,4,4,4,0,0,4,0,2,6,5,4,2,5,0,1,0,0,5,0,0,0,2,0,2,4,0,4,6,4,0,3,4,4,4,5,4,4,0,6,6,0,4,0,3,6,0,0,0,0,0,0,0,0,0,0,0,0,3
forest,0,0,5,5,5,4,4,0,0,6,4,4,5,0,0,4,0,6,4,0,4,3,0,3,4,4,0,5,4,0,0,5,0,0,0,0,4,3,5,2,3,4,0,5,4,5,0,3,5,1,0,3,0,6,5,0,5,0,0,0,0,0,0,0,0,4,2,3
found,2,0,0,4,3,4,4,0,4,0,3,2,0,5,2,2,4,0,0,0,0,3,0,0,0,0,0,0,0,6,4,4,4,6,4,0,6,4,4,4,6,5,0,4,4,0,5,4,0,4,4,6,6,5,4,4,0,0,0,0,4,0,0,3,4,4,4,4
fountain,5,6,0,4,5,3,6,6,0,5,6,4,4,0,0,5,6,5,6,4,6,4,1,5,6,4,4,5,5,0,4,3,4,3,2,0,4,4,4,4,0,4,0,4,5,4,5,3,4,0,0,2,0,4,4,0,3,0,4,0,0,0,0,0,5,0,4,2
friendly,0,6,6,4,6,6,0,5,5,4,5,4,3,4,5,4,6,6,0,4,5,6,4,5,6,0,4,4,6,6,0,4,2,6,6,4,4,6,4,6,6,4,6,0,6,4,6,5,4,4,4,3,4,6,5,4,3,4,4,0,2,5,4,4,3,0,4,4
fun,1,0,0,0,0,5,6,0,0,0,4,0,0,4,0,5,6,0,0,6,0,0,0,6,0,0,0,0,6,4,4,6,6,4,0,0,5,2,5,0,4,4,4,4,4,0,5,4,4,6,2,5,0,5,4,3,0,0,6,0,0,0,3,4,6,6,4,5
funeral,4,0,5,5,3,2,4,2,0,0,0,4,4,4,0,0,0,4,0,0,0,5,1,2,3,6,0,3,0,0,0,4,0,4,0,0,4,4,6,0,0,3,5,4,5,2,6,5,5,6,0,4,0,4,2,0,0,5,0,6,0,4,3,0,0,0,0,0
garden,6,0,0,4,2,4,3,5,5,0,3,3,0,0,0,4,0,0,0,0,6,0,2,0,0,0,0,4,0,0,4,4,1,3,4,0,3,4,6,0,0,4,0,5,5,4,4,5,5,4,0,4,0,4,4,0,5,0,4,0,0,0,0,2,0,6,4,2
gasp,0,0,0,0,0,0,6,5,0,4,0,2,0,0,5,5,4,0,0,6,0,0,0,0,5,0,6,5,4,6,0,0,6,0,5,0,0,0,5,0,1,5,0,6,0,0,5,6,0,5,0,5,6,4,0,2,0,0,0,0,0,0,0,4,0,0,6,2
gave,4,4,3,6,4,4,4,4,5,4,4,4,0,4,4,0,4,0,0,6,4,4,3,6,4,3,5,5,0,4,6,0,4,4,2,0,4,4,5,3,4,4,1,4,3,4,6,4,5,4,5,6,0,5,3,0,0,0,6,3,5,3,5,0,4,6,4,5
girl,6,5,0,0,0,2,0,0,4,0,0,0,0,0,0,5,5,0,0,0,6,0,4,4,3,0,4,5,0,0,2,6,2,4,4,0,4,3,0,0,2,5,0,4,4,6,6,0,0,4,0,2,0,5,4,0,0,0,0,2,0,0,0,0,0,0,3,0
glass,6,4,0,3,4,6,4,0,4,4,0,4,5,0,0,4,4,6,6,0,5,4,2,0,4,6,6,4,4,0,0,0,2,4,0,0,0,0,3,3,0,4,0,3,0,2,0,3,4,0,0,0,0,3,1,0,0,0,0,0,0,0,0,0,0,0,0,0
goldfish,6,4,2,4,6,1,4,4,0,4,5,5,4,0,0,4,0,4,3,0,4,0,1,0,0,0,0,2,0,4,0,4,1,1,0,0,4,4,5,1,0,5,2,0,0,3,3,3,0,0,0,2,0,6,3,1,2,0,4,0,0,0,0,0,0,0,3,0
gong,0,0,0,0,0,0,0,0,0,6,0,0,0,0,0,0,0,4,0,0,0,0,0,6,6,3,0,6,6,4,0,0,0,0,0,0,0,0,4,4,0,0,0,6,4,4,6,0,0,0,0,0,6,6,0,0,0,0,0,0,0,0,0,2,0,0,4,4
gratitude,5,5,3,4,2,4,5,4,4,4,2,3,2,0,0,0,0,0,0,0,5,4,1,0,0,2,2,3,1,0,4,4,5,4,0,0,1,0,4,4,3,1,1,4,4,6,4,4,4,4,0,5,4,6,6,0,5,0,5,0,0,0,0,2,4,4,2,2
green,6,6,4,5,4,0,4,0,2,1,4,5,4,0,0,4,5,4,0,4,0,0,4,0,0,0,4,5,3,2,4,2,4,0,0,0,4,3,0,5,0,4,4,4,3,4,3,0,5,2,4,4,0,5,6,2,4,4,4,4,3,2,0,0,3,3,4,5
grew,6,4,3,6,6,5,4,3,4,4,4,3,0,4,3,5,6,6,1,4,4,4,4,4,6,5,5,6,4,6,6,0,6,0,5,0,5,4,5,0,4,5,6,4,2,6,4,4,3,5,3,6,0,4,5,0,2,4,0,4,4,2,4,0,6,5,0,0
grief,2,0,5,5,4,4,0,4,4,4,5,4,5,5,0,4,3,5,0,0,6,5,5,2,0,1,0,4,0,4,2,3,5,0,1,0,3,0,4,5,0,4,0,4,2,6,4,5,6,4,0,5,0,4,4,4,0,6,0,5,4,0,4,3,2,0,5,0
grievance,4,1,0,5,1,0,2,0,0,2,0,4,5,0,0,0,4,5,0,0,4,6,5,4,0,3,0,3,0,3,0,3,5,5,4,0,4,3,4,6,0,4,0,2,4,4,4,4,4,5,0,5,0,5,0,4,0,4,0,5,5,4,3,0,4,2,4,0
guard,4,4,0,0,0,5,0,0,4,5,5,0,4,0,0,4,2,3,0,4,0,0,4,4,0,0,0,4,5,3,0,4,5,4,4,0,4,4,5,4,2,5,0,2,4,6,4,5,4,6,0,2,0,6,6,4,0,0,4,0,0,0,2,0,2,0,4,4
guilt,4,4,4,4,0,5,6,6,0,0,5,4,5,5,0,0,0,0,0,0,2,4,4,0,0,0,0,1,0,3,0,3,3,1,2,0,1,3,4,4,5,5,4,4,5,4,2,4,4,5,0,4,6,5,4,4,0,2,0,4,0,4,2,0,5,4,5,2
gum,5,5,6,5,6,3,6,6,5,2,5,5,0,0,0,5,0,0,6,3,6,0,4,0,3,0,0,4,0,0,5,5,6,6,0,0,0,0,5,0,4,5,0,2,5,4,6,6,0,3,0,0,0,2,2,0,3,1,4,0,0,0,0,0,0,0,2,4
gunshot,2,5,4,4,4,1,5,6,3,5,3,4,2,0,0,0,5,6,0,4,4,4,6,5,6,0,4,6,2,0,0,4,4,6,0,0,5,6,5,0,3,6,5,4,5,0,6,4,6,4,0,0,0,0,0,5,0,4,0,6,0,0,0,0,0,0,4,5
hailstorm,5,2,4,2,5,6,3,6,2,4,6,4,4,0,0,5,0,6,0,6,0,5,4,6,5,0,4,5,4,0,0,1,0,2,0,0,3,5,5,0,4,4,1,4,4,3,5,5,5,0,0,2,0,0,2,5,0,4,0,0,0,0,0,0,4,0,4,0
hair,6,4,0,5,4,0,6,5,0,4,6,6,6,0,6,4,0,4,4,0,6,0,2,2,0,0,0,1,0,4,3,4,0,4,0,0,4,4,4,4,0,4,4,2,5,0,4,4,5,2,0,3,0,0,2,0,0,0,0,0,0,0,0,4,0,0,0,2
hairbrush,6,3,4,2,4,0,4,0,2,0,0,6,2,0,0,6,0,3,4,4,5,0,4,0,0,0,2,4,2,0,0,4,1,6,0,0,2,4,4,4,0,1,0,1,1,1,0,3,2,0,0,0,0,0,4,0,0,0,0,0,0,0,0,0,0,0,0,0
hall,4,0,0,0,6,5,4,0,0,0,5,0,6,5,0,0,5,4,4,0,0,0,4,4,0,3,6,0,0,5,0,4,0,0,2,0,4,4,0,0,0,0,2,4,4,4,5,0,0,6,0,6,0,6,6,0,0,0,0,0,0,0,0,4,5,0,5,3
ham,6,0,4,4,6,2,5,0,0,6,0,5,4,0,0,5,0,0,6,4,4,0,0,0,4,0,0,0,0,0,6,6,6,4,2,0,4,4,4,0,0,4,0,4,3,0,6,0,6,4,0,6,0,4,3,0,6,0,0,0,0,0,0,0,0,0,2,0
hamster,6,4,4,2,4,0,6,4,2,6,6,5,2,0,6,5,0,5,0,0,6,0,2,0,0,0,4,4,4,2,0,5,0,0,1,0,2,4,5,0,4,0,0,5,3,0,0,0,2,0,0,1,0,3,1,0,4,0,4,0,0,0,0,3,0,0,4,2
hand,6,0,5,0,0,4,4,0,0,0,0,0,0,0,0,5,0,0,0,1,6,4,4,0,0,6,0,0,0,0,5,4,6,5,0,0,6,4,0,5,3,4,6,4,6,0,4,0,0,4,0,6,0,6,0,2,5,0,0,0,0,0,0,0,0,0,3,2
handshake,4,3,0,4,1,2,5,6,6,6,4,6,3,0,6,5,0,5,0,0,5,1,2,0,5,0,0,4,2,4,0,0,0,6,0,0,0,4,5,3,5,5,0,4,5,0,6,6,4,6,0,5,0,0,4,0,0,0,4,0,0,0,0,0,0,0,0,2
happy,0,6,5,4,6,6,0,4,3,5,4,0,1,6,0,3,5,6,4,4,6,0,0,2,5,4,5,3,0,0,6,6,0,0,5,0,3,4,2,4,5,4,6,5,6,3,0,5,0,6,6,0,0,5,6,4,0,4,5,5,2,0,2,6,6,3,4,3
harmonica,6,4,3,5,5,0,6,5,4,5,0,6,3,0,0,5,3,4,4,4,6,0,1,5,5,5,4,6,6,4,0,3,6,6,0,0,0,0,4,0,3,2,0,0,4,0,4,6,4,2,0,5,0,4,4,0,4,0,4,0,0,0,0,0,0,0,4,3
harp,6,4,0,5,5,5,2,3,4,0,4,5,4,0,0,2,0,2,5,0,4,3,0,4,6,5,5,6,6,0,4,1,1,6,4,0,2,4,4,1,1,2,0,0,1,4,2,6,3,4,0,4,0,2,4,0,4,0,4,3,0,0,0,1,0,0,4,2
hawk,2,5,0,5,4,5,4,6,4,6,4,5,6,0,0,4,0,4,0,0,5,1,0,1,5,6,0,5,0,3,0,2,1,0,0,0,2,0,5,0,2,3,0,4,2,5,2,0,3,1,0,2,0,6,4,5,2,0,0,0,0,0,3,4,3,0,5,5
heavy,6,6,5,3,4,6,6,5,5,2,4,3,4,3,5,6,6,6,4,3,3,4,4,4,4,6,0,4,4,5,4,6,4,2,4,4,4,3,4,4,5,4,6,5,6,4,6,0,5,4,3,4,0,6,5,5,4,1,0,4,1,4,4,2,4,5,5,4
held,2,0,3,5,0,0,4,4,3,6,5,4,4,6,0,4,6,0,0,5,3,4,0,5,3,2,4,0,0,4,6,0,5,0,4,0,4,5,4,5,3,4,0,4,4,6,0,4,4,5,5,6,5,4,5,0,6,3,4,5,4,2,4,0,4,4,0,5
helped,4,0,0,4,6,4,4,5,2,4,0,4,0,6,4,6,4,4,0,4,6,4,0,3,0,0,0,6,4,4,0,6,1,1,0,0,0,5,5,3,4,4,5,0,6,4,0,4,0,6,6,6,0,5,0,0,0,0,0,4,4,0,0,6,4,0,5,3
heredity,3,1,2,2,2,4,4,4,4,4,4,5,3,0,0,0,0,0,0,0,0,5,3,1,0,2,0,2,0,0,0,0,3,4,6,0,5,5,3,4,0,4,5,4,4,5,2,5,5,2,0,1,4,0,4,3,0,0,0,0,0,0,0,0,0,0,2,0
heroism,4,5,5,4,4,3,4,4,3,5,4,4,4,4,0,0,0,3,0,0,4,4,5,5,0,4,0,5,0,0,0,3,1,4,1,0,3,0,4,2,2,5,1,1,4,4,4,4,6,4,0,5,6,4,5,3,4,3,4,0,0,0,0,2,4,4,2,4
hierarchy,4,3,3,0,6,5,0,0,0,4,6,5,6,0,0,2,0,4,0,0,4,2,5,2,4,4,0,3,0,2,4,0,4,4,4,0,4,0,4,4,4,5,6,4,4,4,2,4,6,4,2,4,0,5,4,5,0,0,0,0,0,0,2,0,3,0,4,3
highway,6,4,4,4,4,5,3,6,0,6,5,6,4,0,0,0,6,2,0,6,0,0,1,2,5,4,0,4,2,0,0,4,0,3,0,0,4,0,5,4,4,4,5,4,3,3,0,3,6,4,0,2,0,4,5,0,0,0,0,0,0,0,0,0,1,5,1,2
hiked,4,4,4,1,4,3,4,5,5,4,5,5,0,4,5,2,5,2,2,4,5,2,5,4,4,4,3,6,2,4,3,4,0,1,6,0,5,5,5,4,5,5,5,4,5,6,4,4,5,2,4,2,0,0,5,2,0,0,4,3,4,4,3,5,5,5,4,5
hoe,4,6,4,3,0,2,4,0,6,0,3,6,1,0,0,4,0,0,6,6,4,5,4,2,4,6,3,5,0,0,0,6,0,6,4,0,4,1,4,1,2,4,3,4,0,5,6,0,4,5,0,6,0,4,0,0,0,0,0,0,0,0,0,0,0,0,4,1
home,0,0,0,4,4,5,4,4,0,3,4,5,4,0,0,4,5,3,0,0,4,0,4,6,5,0,0,4,0,2,4,4,4,2,2,0,6,4,4,4,4,4,4,4,5,3,5,4,4,4,0,5,0,5,6,0,5,0,4,4,0,0,0,1,5,3,2,4
honey,6,6,4,5,5,0,6,5,4,1,6,5,2,0,0,6,0,0,6,0,6,0,0,0,0,0,0,0,0,0,5,5,5,2,0,0,6,4,5,4,3,2,1,4,0,1,4,4,4,3,0,2,0,4,4,0,4,0,5,0,0,0,0,0,0,2,2,2
honeymoon,1,5,1,4,2,0,5,2,0,2,3,4,2,0,0,0,0,0,0,0,2,0,0,0,0,0,0,0,0,0,0,4,1,0,0,0,4,6,5,0,0,5,3,5,5,2,5,6,4,5,0,0,0,2,4,0,4,0,4,0,0,0,0,0,0,0,2,3
hope,5,6,4,4,4,0,5,6,6,5,3,4,6,2,0,0,4,4,0,0,4,4,4,4,0,3,0,4,6,1,5,3,5,4,2,0,2,2,4,6,4,4,2,2,2,4,4,2,6,4,6,4,0,5,6,0,2,0,4,0,0,0,0,3,6,3,4,4
horse,4,0,0,4,4,5,4,6,0,6,5,6,6,0,4,4,0,4,6,0,4,4,2,0,6,0,0,6,0,0,0,4,4,0,4,0,3,2,4,0,0,4,0,3,6,0,0,0,5,2,0,2,0,6,4,0,0,0,0,0,0,0,0,0,0,0,4,2
hospital,6,6,5,4,5,5,3,0,0,0,2,5,5,0,0,1,0,6,0,0,0,0,4,4,0,6,0,1,0,0,0,4,1,0,2,0,6,0,6,4,0,4,2,0,4,0,2,4,6,4,0,1,0,2,6,0,0,0,0,1,0,0,0,0,0,5,1,2
hot,4,4,0,2,4,1,2,5,4,4,0,3,0,4,6,4,4,6,5,4,3,0,6,0,4,0,5,4,4,5,0,5,5,5,4,0,1,4,0,4,5,0,4,0,4,4,4,0,4,4,0,6,5,5,5,5,4,3,3,0,5,4,3,0,4,2,5,5
hotel,5,4,0,5,3,0,5,4,4,0,0,4,0,0,0,0,0,4,0,0,0,3,1,4,0,6,0,4,0,0,0,4,0,0,1,0,6,2,6,2,1,4,4,1,6,2,2,3,5,4,0,4,0,0,5,0,3,0,0,0,0,0,0,0,0,0,3,0
hurricane,5,2,6,4,4,5,4,5,3,1,6,6,0,4,0,0,0,0,0,0,0,4,5,2,4,0,4,5,0,0,0,3,0,0,0,0,5,6,4,0,3,4,3,3,5,4,3,5,5,0,0,4,0,0,0,5,0,2,0,4,0,0,1,0,0,0,4,4
hygiene,5,4,2,0,0,6,4,1,6,0,4,4,0,0,0,4,6,5,4,0,0,4,4,0,4,2,4,5,0,0,0,4,6,5,1,0,0,1,5,4,2,4,6,4,4,4,3,5,6,2,6,4,0,2,5,0,5,0,4,0,0,5,0,0,0,6,4,0
ice,6,6,0,5,5,3,0,0,0,2,4,5,4,6,0,6,0,6,6,6,4,4,4,0,4,0,0,4,0,6,0,3,4,0,3,0,4,6,6,4,1,4,0,1,5,4,5,4,4,0,0,5,0,0,2,0,0,0,0,0,0,0,0,0,0,0,0,3
infinity,3,5,3,4,3,6,4,3,0,0,5,3,5,2,0,0,6,0,0,0,4,2,5,0,0,1,0,4,0,4,0,0,2,5,0,0,0,6,5,4,6,3,0,0,0,5,0,4,6,2,0,5,6,6,4,0,0,0,0,0,0,0,0,0,0,0,3,3
injured,4,5,4,5,3,4,4,5,3,2,6,6,0,4,4,4,6,5,0,4,4,4,4,0,6,4,3,5,4,4,2,0,4,4,6,0,4,4,2,4,4,4,2,3,6,2,4,0,6,6,5,4,0,5,4,4,3,3,0,4,4,5,4,2,4,6,5,5
insult,4,0,0,0,4,5,0,5,0,0,2,4,4,0,0,0,0,0,0,4,0,3,0,0,6,3,4,4,0,4,4,6,4,0,0,0,0,1,5,0,2,4,0,4,3,4,5,0,0,5,0,5,0,5,6,4,0,6,0,2,6,4,0,0,4,0,4,4
intellect,1,4,4,4,4,4,4,4,2,4,4,3,5,6,0,0,0,4,0,0,4,5,4,0,4,3,2,0,0,4,2,0,6,4,0,0,3,4,6,6,4,4,2,2,4,4,2,4,5,4,0,4,0,6,5,0,4,0,0,0,0,0,0,2,6,3,2,4
interviewed,4,2,0,4,0,2,4,4,1,0,4,0,6,4,2,0,0,0,4,0,5,2,0,5,0,4,0,3,4,6,3,0,4,0,0,0,4,4,5,0,6,6,5,4,5,4,4,5,6,6,6,6,5,5,4,0,4,0,4,2,0,0,2,5,4,4,3,0
ire,4,0,0,0,0,2,0,0,0,4,0,0,3,0,0,0,0,5,0,6,0,0,4,4,3,5,6,6,0,6,0,0,4,0,0,0,3,0,2,4,0,5,0,5,3,0,0,4,2,4,6,6,0,6,5,3,4,0,0,0,0,0,0,0,3,0,5,0
irony,4,0,6,4,6,0,6,2,0,0,3,5,4,0,0,0,5,0,0,0,0,4,3,5,3,4,4,5,4,4,4,0,4,4,4,0,0,2,4,6,4,2,5,0,2,2,4,0,0,4,0,5,4,5,3,3,0,2,0,0,0,0,0,5,6,0,4,0
island,5,5,0,5,6,4,4,5,0,3,2,5,0,0,4,2,4,4,0,0,6,4,2,0,4,3,5,4,6,0,0,0,4,2,0,0,0,4,5,2,4,4,2,6,4,3,4,0,1,0,0,4,0,6,4,0,4,0,0,0,0,0,0,0,2,0,4,4
ivy,5,4,4,5,5,4,4,6,4,0,6,4,0,0,0,4,0,5,4,5,5,2,3,0,0,0,0,0,0,4,4,4,0,2,0,0,2,5,4,0,0,2,0,3,4,6,3,5,2,0,0,4,0,6,4,1,4,2,2,4,0,0,0,2,0,0,4,0
jam,6,5,0,6,4,4,4,5,4,0,6,5,5,0,0,5,5,5,6,4,6,1,0,0,0,0,0,6,0,4,3,5,4,4,2,0,0,4,4,5,1,4,1,4,3,3,5,4,4,4,0,5,0,2,4,0,4,0,5,0,0,0,0,0,4,0,4,4
jaw,2,0,0,4,5,0,5,0,0,6,4,0,0,0,5,2,5,2,0,6,0,4,5,1,5,0,0,2,3,6,0,5,6,0,0,0,5,4,4,4,4,5,0,6,4,0,4,6,0,5,0,5,0,0,5,4,0,0,0,0,0,0,0,6,5,6,5,1
jealousy,5,4,5,5,3,6,5,4,4,0,2,4,2,4,0,0,2,0,0,0,3,6,4,3,0,3,3,2,4,4,1,0,4,4,0,0,0,0,4,4,2,5,2,4,4,4,5,4,6,5,5,4,4,6,2,5,0,6,0,4,4,2,5,4,0,0,3,2
joke,0,0,4,4,0,4,0,0,0,0,4,0,0,0,0,0,0,0,0,0,0,6,0,4,0,0,0,5,0,6,0,0,5,0,0,0,5,0,3,0,0,1,0,3,4,1,4,2,0,6,0,6,0,5,6,0,3,4,5,0,0,0,1,4,0,0,4,4
journalist,4,4,3,4,4,2,6,0,4,5,4,5,4,0,0,0,0,0,0,0,5,4,2,2,0,2,0,4,0,5,4,0,1,2,0,0,2,4,4,0,2,4,3,2,4,4,3,2,4,6,4,5,0,5,5,0,4,0,2,3,0,0,0,0,0,0,4,4
joviality,3,5,3,4,2,3,4,2,0,4,4,4,2,0,0,0,0,0,0,0,3,0,0,4,0,4,4,4,0,3,0,3,4,2,0,0,0,0,4,3,2,2,3,3,4,1,4,2,4,6,0,5,0,4,4,0,5,0,6,0,0,0,0,2,5,0,3,3
joy,4,6,6,4,0,3,6,4,2,0,6,3,5,0,0,2,0,2,0,0,4,6,2,4,0,2,1,4,5,5,6,3,6,5,2,0,4,6,4,0,4,4,4,2,5,4,4,3,4,4,0,4,4,5,5,0,6,0,5,0,0,0,0,5,5,0,4,4
judge,2,1,5,4,4,5,4,4,4,0,0,4,5,0,0,4,0,5,0,0,5,4,4,0,0,3,0,4,0,4,0,4,4,3,4,0,0,0,5,1,3,4,0,4,4,3,6,4,0,6,6,4,4,6,4,0,0,0,0,0,0,0,0,0,4,4,3,4
jungle,6,3,5,6,5,6,6,4,5,3,5,5,6,0,0,3,4,0,0,6,0,3,2,4,0,4,6,3,2,2,0,5,0,0,2,0,5,6,6,0,1,4,0,2,4,4,1,5,4,1,0,4,0,5,5,0,4,0,2,0,0,0,3,3,4,0,4,5
jury,2,4,0,0,5,4,5,6,0,0,2,6,6,0,6,3,3,4,0,0,4,4,6,4,0,0,0,0,0,6,0,2,3,4,2,0,2,5,6,0,2,1,4,4,3,4,5,0,4,6,0,6,0,6,4,0,3,0,0,0,0,0,0,0,0,0,5,1
ketchup,6,5,4,6,4,2,3,0,0,0,0,5,4,6,0,5,0,5,5,0,4,0,2,0,0,0,0,4,0,0,6,5,5,5,0,0,2,3,4,5,2,4,2,5,4,0,0,0,4,0,0,2,0,4,4,0,2,0,2,0,0,0,0,0,0,0,0,0
key,4,0,0,0,0,4,0,0,5,0,5,0,0,0,0,4,0,0,5,4,4,0,4,4,5,4,6,4,6,5,0,0,2,0,5,0,4,6,5,0,4,5,1,0,0,0,4,0,4,0,0,4,0,6,4,0,4,0,4,0,0,0,0,4,5,0,6,4
keyboard,5,5,5,4,4,4,3,4,0,6,1,5,4,0,0,5,0,5,6,4,4,4,1,3,3,0,4,3,6,2,0,3,0,6,0,0,1,5,4,6,2,4,1,0,2,4,0,5,4,4,0,6,0,5,6,0,0,0,0,0,0,0,0,0,0,0,2,4
kicked,4,5,3,4,4,4,4,4,4,4,4,5,0,4,5,5,3,3,0,4,4,4,5,4,5,6,4,4,4,4,4,6,0,1,6,0,2,4,3,5,4,5,2,3,4,2,5,5,6,4,4,3,0,4,3,2,0,0,0,4,5,1,3,4,4,5,4,4
kiss,3,0,0,1,4,0,0,4,5,6,2,5,0,0,0,4,0,0,0,0,0,0,1,2,6,0,4,6,5,6,0,4,6,6,0,0,4,4,4,0,6,4,2,4,4,0,6,3,4,5,0,6,0,3,4,2,2,0,4,0,0,0,0,2,4,6,4,0
kitchen,6,5,4,2,5,4,4,0,5,4,0,6,5,6,0,4,6,5,4,4,3,1,2,2,6,0,0,1,0,0,6,5,4,4,0,0,4,6,6,6,2,1,0,2,0,0,0,5,4,3,0,2,0,0,5,0,1,0,2,0,0,0,0,0,0,6,0,2
knowledge,3,5,4,4,0,0,0,5,4,1,4,4,4,4,0,0,3,0,0,0,4,0,2,3,0,0,0,6,3,1,0,0,2,0,0,0,2,0,5,5,1,4,0,4,2,5,0,0,0,5,0,6,0,5,6,0,4,0,3,0,0,0,3,2,4,6,4,4
lab,5,0,0,0,6,0,0,0,0,4,2,6,0,0,0,0,0,0,2,0,3,0,2,6,0,6,1,0,4,5,4,6,0,0,5,0,2,0,4,0,4,0,3,4,4,2,4,4,6,6,0,4,0,6,5,0,3,0,1,0,0,0,0,0,0,0,5,0
lake,4,6,0,5,4,0,6,5,3,5,6,6,6,0,0,2,0,6,0,0,4,0,0,4,4,0,0,3,4,0,4,4,0,4,4,0,5,4,5,4,2,1,4,2,2,4,0,4,3,0,0,6,6,6,0,0,3,0,4,0,0,0,0,0,0,4,6,0
landed,4,4,4,3,4,4,4,4,0,2,5,4,0,4,4,2,3,2,3,4,6,4,4,3,1,4,3,3,0,4,5,5,0,2,0,0,4,4,5,3,4,5,3,4,5,5,4,4,4,4,2,4,0,4,5,0,0,1,5,4,2,0,2,2,5,4,4,1
landslide,5,3,5,4,5,6,4,4,0,4,4,5,4,0,0,1,0,0,0,6,0,5,2,2,4,4,0,4,0,0,0,1,0,2,2,0,4,6,5,0,2,3,3,2,2,2,4,5,6,0,0,4,4,0,3,0,0,0,0,2,0,0,0,1,0,0,4,0
laughed,4,4,4,4,1,4,4,4,4,4,5,2,0,5,4,0,1,4,3,4,4,1,2,5,6,4,4,5,5,3,3,0,5,0,0,0,1,2,4,4,4,2,5,2,5,2,6,4,4,6,5,4,0,4,4,0,6,0,6,0,0,2,2,4,2,4,4,4
law,1,4,4,6,0,4,2,3,4,6,2,4,6,0,0,0,0,4,0,0,4,3,4,1,4,0,0,4,1,6,0,0,2,5,3,1,4,4,5,4,3,4,3,4,4,1,0,4,0,6,4,5,0,4,6,0,3,0,0,0,0,0,0,0,2,4,2,0
lawyer,2,2,0,3,0,0,2,5,0,0,1,2,5,0,0,0,3,0,0,0,0,0,0,3,0,0,0,0,0,5,0,0,1,0,0,0,0,4,5,0,2,3,3,5,5,4,0,2,4,6,0,4,4,5,6,0,4,0,0,0,0,0,0,0,0,0,2,2
left,3,4,4,3,3,6,2,4,2,4,3,6,0,3,4,0,5,4,2,2,2,3,4,6,2,5,4,5,4,2,4,0,2,6,2,0,4,3,4,4,6,4,0,4,5,6,4,5,4,4,6,6,0,6,2,0,3,4,2,4,4,0,4,0,4,5,4,2
leg,5,0,0,5,6,5,0,6,0,0,0,4,4,0,0,5,0,5,4,6,5,5,5,0,4,4,0,4,2,0,0,0,0,0,5,0,3,4,4,3,4,3,0,4,4,0,0,0,0,0,0,3,0,0,0,2,0,0,0,0,0,4,0,0,0,0,0,0
legality,4,4,4,3,0,6,2,0,4,2,2,0,2,0,0,0,4,2,0,0,4,4,2,0,0,0,0,2,0,2,0,0,3,5,0,0,4,4,4,5,2,4,2,4,4,4,0,4,6,4,0,4,0,4,4,0,0,0,0,0,0,0,0,0,1,2,2,0
lemonade,5,6,0,5,3,3,4,3,0,0,2,4,4,0,0,2,0,6,0,0,5,0,0,0,0,0,0,0,0,2,5,5,4,5,1,0,0,0,4,0,0,4,2,3,4,2,5,4,2,5,0,4,0,5,3,0,5,0,4,0,0,0,0,0,0,4,2,4
lightning,6,6,1,4,4,6,0,6,4,6,5,5,5,0,0,0,0,0,0,0,4,0,4,2,6,0,6,5,0,1,0,4,1,5,0,0,0,5,5,0,4,5,2,2,0,0,6,4,6,0,0,1,0,0,2,6,0,0,0,0,0,0,0,2,0,0,4,4
liked,3,0,4,4,5,0,3,4,5,6,6,4,0,2,3,4,3,4,0,4,4,4,4,4,6,4,4,6,3,2,5,4,0,4,0,0,0,3,4,6,0,5,6,3,0,0,0,5,0,6,2,6,0,5,4,0,0,0,6,6,2,3,3,4,5,4,4,4
limousine,5,3,4,4,3,6,2,4,5,4,4,6,4,0,0,0,2,0,4,0,0,5,0,2,0,3,0,1,0,0,0,4,0,2,0,0,2,6,4,3,0,3,0,2,4,1,5,0,6,4,0,2,0,0,4,0,3,0,0,0,0,0,0,2,0,0,4,2
lip,6,0,0,4,6,4,5,0,4,0,0,5,6,0,5,5,0,6,4,6,5,6,4,2,4,0,2,5,6,4,4,4,5,4,2,0,4,0,3,0,5,1,2,4,6,4,4,0,0,6,0,5,4,2,1,0,0,4,0,0,0,0,0,0,0,4,4,0
listened (to),0,4,5,2,2,4,2,1,1,3,4,0,4,5,3,1,3,2,2,4,0,0,3,6,4,5,5,2,4,6,1,0,2,0,0,0,4,1,4,3,3,4,2,4,5,6,5,4,5,5,5,6,0,4,6,0,4,0,5,4,3,0,2,3,4,4,5,3
lived,6,5,3,4,0,2,6,4,4,4,0,4,4,3,5,1,0,5,6,5,0,0,4,4,0,0,4,0,0,4,4,4,5,0,5,0,4,4,4,2,0,4,4,4,3,5,2,4,5,5,6,6,6,5,5,6,4,0,3,5,5,4,4,4,6,5,4,5
loan,2,0,5,0,4,0,4,0,0,6,5,5,0,0,0,2,0,0,0,0,0,3,0,1,5,0,0,4,2,2,6,4,0,5,4,0,4,0,5,0,0,5,5,4,5,5,5,0,5,6,0,3,0,4,5,2,0,0,0,0,0,0,0,0,0,3,4,0
lonely,0,6,3,5,4,3,4,5,6,1,6,3,1,5,4,2,6,6,4,2,4,0,4,0,0,4,4,4,3,5,5,5,6,0,4,3,4,2,5,5,0,3,4,6,6,4,4,4,2,5,2,4,6,4,3,4,3,4,0,5,4,2,3,2,4,3,5,2
long,0,5,0,0,0,0,5,0,6,3,4,0,4,0,0,6,0,0,0,0,6,6,0,0,5,5,4,6,4,4,5,6,2,6,3,0,0,0,4,6,0,4,3,0,6,5,4,0,5,4,0,4,6,0,3,4,4,0,4,2,0,0,0,0,5,5,4,0
lost,4,2,5,4,4,4,4,4,4,4,5,3,0,4,4,3,4,5,2,4,3,4,4,4,2,4,3,4,2,5,6,4,0,4,0,0,3,6,4,4,5,5,3,4,4,4,2,5,5,4,4,2,0,4,3,0,0,0,0,6,3,2,4,4,4,4,4,6
loud,4,5,4,4,3,4,4,4,4,5,1,3,0,2,0,0,4,0,4,5,6,0,5,6,5,4,4,5,4,5,5,6,4,5,5,3,4,2,0,4,4,4,1,5,0,4,4,0,4,4,1,3,0,4,3,5,0,4,5,2,4,2,4,4,5,4,5,4
love,3,5,0,5,6,4,0,4,0,4,4,2,4,0,0,3,0,5,0,0,6,4,4,4,0,3,0,5,1,0,4,4,4,3,0,0,1,4,5,6,4,4,4,2,4,5,4,4,3,6,0,4,5,4,5,4,5,0,6,4,0,0,1,4,5,0,2,4
luck,4,6,5,4,3,3,5,4,0,2,2,4,4,4,0,0,0,0,0,6,0,4,2,0,0,0,0,0,0,0,0,0,4,5,5,0,0,5,4,4,4,4,6,2,2,2,4,1,6,2,0,4,5,6,5,4,2,3,4,0,0,0,0,5,2,4,4,4
lust,4,4,4,5,0,4,3,5,5,4,3,0,5,0,2,3,4,0,6,0,1,3,2,0,0,0,0,3,2,1,0,5,4,0,2,0,4,6,5,0,3,4,4,4,4,4,4,4,5,4,0,5,6,5,0,4,2,0,4,0,0,0,0,0,4,0,4,5
magazine,6,5,6,2,4,4,5,3,0,0,0,6,4,0,0,1,0,6,6,4,4,5,1,0,0,0,0,4,0,2,4,5,2,4,4,0,2,2,4,5,0,3,6,4,5,0,4,4,4,0,0,6,0,5,6,0,2,0,0,0,0,0,0,0,0,0,4,1
majority,4,0,0,4,0,5,0,2,0,6,4,0,0,0,0,0,0,0,0,0,6,0,0,0,0,0,0,4,0,6,0,0,4,4,0,0,0,4,0,0,5,6,5,0,0,5,3,5,0,5,0,5,0,5,3,0,4,3,0,4,4,0,0,4,5,0,4,4
malice,4,0,4,4,0,0,0,0,0,0,0,4,2,5,0,2,0,0,0,0,4,0,5,4,6,0,4,4,4,5,0,4,4,5,4,0,4,3,4,0,4,3,4,4,5,4,4,4,5,5,0,5,3,4,0,5,0,3,0,4,3,5,2,2,4,6,4,2
man,4,0,0,4,0,0,0,4,3,6,0,6,4,0,0,5,0,0,6,0,4,2,0,6,4,2,0,5,0,4,6,4,6,0,0,0,4,0,0,1,0,3,3,0,4,4,6,6,0,5,0,5,1,3,6,0,2,0,0,0,0,0,0,0,4,0,5,5
mandolin,5,5,4,4,5,0,5,4,0,4,5,5,5,0,0,5,6,3,4,4,6,2,0,5,2,0,6,6,6,0,0,2,4,6,0,0,0,2,4,0,0,4,3,0,3,0,1,4,5,4,0,4,0,2,4,0,4,0,4,0,0,0,0,0,0,0,4,3
marched,2,3,4,4,4,3,2,6,5,4,4,4,0,3,5,0,6,3,5,3,5,4,4,4,3,3,2,5,4,4,2,1,0,1,6,0,4,6,5,2,5,4,4,5,2,6,5,0,4,5,4,2,0,6,5,1,4,0,3,4,2,0,0,0,6,4,5,4
matinee,5,5,2,4,4,4,4,6,4,0,4,2,4,0,0,0,0,2,4,6,5,2,0,4,0,0,0,6,0,1,0,0,0,4,0,6,0,3,5,0,4,0,4,5,6,0,5,5,4,4,0,6,0,6,2,0,4,0,0,0,0,0,0,3,0,0,3,4
mayor,6,5,0,2,4,5,4,4,0,0,4,4,3,0,0,0,0,0,4,6,4,2,0,2,3,0,0,2,0,4,0,2,2,0,0,0,3,4,5,0,2,4,2,2,5,4,4,0,6,5,0,0,0,5,5,0,0,0,0,2,0,0,0,0,0,0,4,2
medicine,4,2,0,0,0,2,4,6,2,0,1,6,4,0,0,4,4,4,0,0,0,0,4,0,0,2,0,0,0,0,0,3,5,3,0,0,0,4,3,0,4,4,4,3,5,4,6,4,5,4,0,1,0,4,4,4,3,0,3,6,0,0,1,0,4,6,0,4
meeting,2,0,0,0,0,3,0,0,0,0,0,0,0,0,0,0,4,0,0,0,0,0,0,4,0,0,0,0,0,6,0,0,2,5,0,0,0,0,4,0,4,5,0,0,4,5,5,0,5,6,0,6,0,6,4,0,6,3,4,0,0,0,0,0,0,0,5,2
megaphone,5,5,3,2,2,5,6,5,4,4,3,5,3,4,0,4,0,4,4,5,6,4,0,5,6,0,4,5,2,2,0,2,6,5,0,0,3,4,4,2,2,0,0,0,2,1,0,4,3,4,0,6,0,0,6,0,4,0,0,0,0,0,0,0,0,0,5,4
mercy,2,4,4,4,4,5,2,0,2,3,0,4,6,4,0,0,0,4,0,0,0,2,2,1,5,2,0,4,0,4,3,3,2,4,0,0,3,0,2,6,2,4,3,2,2,4,4,4,2,5,0,4,0,4,6,0,4,0,4,2,0,0,0,0,6,6,4,1
met,5,4,0,5,0,4,0,4,6,4,6,4,4,0,4,6,4,5,0,4,4,5,0,4,5,0,4,4,4,0,0,2,4,0,0,0,4,5,4,0,0,4,4,4,4,5,4,5,4,6,6,6,0,6,6,2,0,6,5,4,4,0,4,4,4,4,4,0
minister,1,4,4,6,5,4,3,4,4,2,3,2,5,0,0,0,4,4,0,0,0,0,0,4,0,0,0,3,1,4,6,1,6,0,2,0,2,6,4,4,5,4,0,4,4,2,3,4,6,6,4,4,0,4,5,0,3,0,2,3,0,0,0,0,2,4,2,1
mob,4,1,6,0,4,6,4,0,0,0,5,4,0,0,4,3,0,6,6,6,3,6,4,2,4,0,2,4,1,2,0,1,5,6,6,0,4,4,4,3,0,4,5,4,4,1,4,4,4,6,4,5,0,4,0,4,4,0,0,0,1,4,0,0,3,6,4,4
monkey,6,0,4,4,2,0,4,0,0,0,3,6,6,0,0,2,0,0,0,5,4,5,2,0,6,4,6,6,4,2,0,4,6,2,1,0,3,6,5,0,2,4,4,0,4,6,6,0,3,0,0,6,0,4,5,0,4,0,4,0,0,0,0,0,0,0,4,1
moose,4,4,5,4,5,6,0,0,0,0,4,6,6,0,0,6,0,3,0,1,0,4,4,0,4,0,4,5,4,0,0,4,1,0,0,0,5,5,5,0,2,0,0,2,0,0,0,2,4,0,0,3,0,6,4,5,4,0,6,0,0,0,0,4,4,0,5,2
moral,5,1,0,4,0,0,4,2,0,4,5,0,2,0,0,5,0,0,0,0,4,0,0,0,4,0,0,0,0,4,0,1,4,0,0,0,3,2,0,0,0,0,0,0,4,4,0,4,0,0,0,4,0,5,5,4,4,0,4,4,4,2,0,0,0,1,3,4
morning,3,6,4,5,5,0,6,0,2,0,4,4,4,0,0,0,0,6,0,0,6,0,5,2,0,2,0,5,0,0,0,5,4,1,2,0,2,6,4,0,4,4,4,6,5,4,4,4,4,2,0,3,0,4,4,0,4,0,4,0,0,0,0,0,0,0,2,4
mosquito,4,4,3,2,4,0,6,6,5,5,6,5,4,0,6,4,0,0,2,6,6,0,5,5,0,5,6,5,2,4,0,4,5,0,3,0,2,4,4,2,5,6,0,2,4,5,4,4,4,2,0,0,0,0,1,4,0,4,0,0,2,4,0,0,2,0,4,0
motive,4,0,0,0,6,0,4,0,0,2,0,4,5,6,0,3,5,0,0,1,6,0,4,4,1,0,4,0,0,4,0,0,5,5,3,0,2,4,6,3,4,1,2,5,4,4,4,4,0,4,0,4,0,5,4,4,3,2,2,0,2,1,3,1,5,4,4,4
mountain,5,4,4,4,6,6,4,0,2,0,0,4,5,0,0,2,0,6,0,6,0,6,2,0,0,0,0,4,0,0,0,4,0,0,2,0,4,0,5,0,2,5,0,1,0,0,0,0,4,0,0,4,0,4,4,0,4,0,2,0,0,0,0,0,4,0,3,2
mouse,6,5,0,3,4,4,6,4,2,4,4,6,2,4,0,5,0,3,6,0,6,0,2,2,0,0,5,3,0,0,2,4,0,6,0,0,3,4,3,6,2,4,0,0,5,4,0,4,3,0,0,3,0,6,5,1,3,0,0,2,0,0,0,0,0,6,2,0
mouth,5,4,4,0,0,0,0,6,0,0,5,6,2,4,0,6,0,0,0,6,6,4,2,2,5,0,2,6,4,0,0,5,4,2,0,0,4,5,5,6,4,4,5,5,5,0,4,5,4,2,0,6,0,0,4,0,4,0,0,0,0,0,0,0,2,6,5,3
muscle,4,4,0,5,5,0,6,4,0,2,0,5,4,0,0,5,3,4,3,4,6,5,4,1,4,0,0,2,0,0,5,0,2,0,6,0,2,6,3,0,6,4,0,4,2,2,0,5,5,1,0,5,4,2,5,0,4,0,0,0,0,4,0,0,6,0,2,4
mushroom,6,4,4,4,6,0,5,0,4,0,0,6,4,0,0,6,4,4,4,6,5,4,3,0,0,0,0,0,0,0,5,5,2,2,0,0,4,2,4,0,2,4,0,5,4,4,6,0,4,1,0,5,0,4,5,0,4,0,0,0,0,0,0,1,0,0,3,3
musical,3,0,0,0,4,0,5,0,6,0,0,0,0,0,0,2,0,3,0,0,5,4,3,0,6,0,0,0,0,3,6,1,2,2,0,0,0,0,4,4,5,4,0,6,4,4,4,4,4,4,0,6,5,5,6,0,0,0,5,4,4,4,4,6,4,3,4,5
mustard,6,4,4,5,5,4,5,0,0,0,0,2,4,0,0,3,0,4,4,4,6,0,0,0,0,0,0,2,0,0,5,6,5,5,0,0,0,0,4,5,4,1,5,2,2,5,0,4,4,4,0,2,0,0,4,0,1,0,2,0,0,0,0,0,0,0,3,2
mystery,2,0,5,0,0,5,0,0,0,2,4,3,6,0,4,4,0,0,4,0,6,3,3,4,4,6,0,6,0,4,0,5,4,5,4,0,4,6,4,4,5,5,4,0,4,1,2,0,4,2,0,5,2,4,6,6,4,0,1,0,0,0,4,4,3,4,5,4
negotiated,5,4,2,4,4,4,4,4,2,4,4,3,6,4,4,2,5,4,3,2,4,4,2,4,3,4,4,4,1,4,4,2,1,3,0,0,5,5,3,0,5,4,4,2,4,6,4,5,5,6,6,6,4,5,4,0,5,2,4,4,3,3,4,1,4,5,4,0
new,6,4,4,4,0,4,5,3,5,0,6,3,0,4,6,5,5,6,6,4,6,3,6,5,5,6,4,3,4,3,3,3,2,6,3,0,0,6,0,6,5,4,5,5,5,5,5,4,0,4,0,0,0,4,5,3,2,4,4,0,0,3,2,4,4,4,5,4
newspaper,6,4,5,4,4,4,5,2,0,2,0,4,0,0,0,5,0,4,6,4,5,5,0,0,0,0,0,4,0,1,0,4,3,4,0,0,3,6,5,0,0,4,4,2,5,0,5,4,4,4,0,5,0,4,5,0,0,0,0,0,0,0,0,0,1,0,5,2
night,0,0,6,4,6,2,6,0,4,0,4,4,4,0,6,0,0,4,0,0,0,0,4,2,0,3,0,5,3,2,0,5,0,4,2,0,3,4,4,2,1,4,2,6,6,5,1,6,4,0,0,2,0,5,3,0,2,0,0,4,0,0,0,0,2,4,1,4
nose,6,4,4,4,6,2,4,6,0,0,6,6,3,0,0,5,3,4,5,6,6,0,5,0,4,0,0,1,1,0,0,5,5,0,0,0,0,5,5,6,4,2,0,2,0,0,0,4,2,0,0,3,0,0,2,0,1,0,2,0,0,0,0,0,0,6,0,0
noun,0,0,6,1,0,4,0,0,0,0,3,0,0,0,0,0,0,0,0,0,0,0,0,0,6,0,0,0,2,0,0,0,5,0,0,4,0,0,0,4,0,0,6,0,2,0,4,0,0,0,0,6,4,4,4,0,0,2,0,4,5,0,0,1,6,0,4,0
number,6,0,0,0,3,0,0,4,0,4,1,4,0,0,0,6,2,5,6,0,3,0,5,0,0,0,6,6,0,0,6,6,3,4,2,0,0,4,0,4,3,4,6,3,0,4,4,5,0,4,4,6,6,6,4,0,4,0,0,0,0,0,0,2,0,2,3,0
oak,5,4,4,3,6,5,6,0,5,0,0,5,5,0,0,4,0,4,2,6,3,4,0,0,2,3,0,2,0,0,4,5,0,0,0,0,4,4,5,1,2,2,2,0,1,2,0,0,0,0,0,2,0,6,4,0,3,0,2,0,0,0,0,0,0,0,2,1
office,5,4,5,4,6,4,4,0,4,0,5,5,0,0,0,4,0,3,4,4,0,4,0,3,4,4,0,2,0,4,0,4,5,2,0,0,2,4,5,4,2,4,0,5,4,4,1,0,4,4,4,5,0,4,4,0,6,0,0,0,0,0,0,1,4,0,2,0
old,4,5,4,4,4,4,4,0,5,5,4,6,0,0,0,5,5,6,4,4,4,6,4,0,4,6,3,6,0,4,4,4,3,0,4,0,5,4,4,5,4,3,4,4,4,2,4,0,4,4,3,3,0,5,5,0,5,4,2,4,2,4,4,4,3,6,4,2
opened,4,6,5,6,4,4,4,4,2,4,4,5,6,4,4,3,0,4,4,5,4,4,4,4,4,3,4,4,4,6,4,5,5,6,0,0,5,5,4,6,4,4,2,5,4,5,4,6,5,4,6,6,6,4,6,4,4,4,5,2,2,4,2,4,6,5,4,4
optimism,5,6,4,5,4,6,6,3,4,1,6,4,4,4,0,3,0,0,0,0,2,2,1,4,0,4,0,4,0,3,2,2,4,4,0,0,1,2,4,3,2,5,0,2,4,4,1,4,5,2,0,5,0,6,6,0,5,0,5,0,0,2,0,2,5,2,4,2
oration,2,4,4,1,0,2,5,0,4,0,0,1,0,0,0,0,0,0,0,0,6,0,0,4,0,5,1,5,3,4,0,0,4,4,2,0,0,6,5,0,3,3,1,5,4,2,5,5,6,6,6,6,0,4,4,0,4,0,4,0,0,0,0,0,4,0,5,4
pan,5,0,0,6,0,4,6,4,4,0,4,5,0,0,0,1,6,6,4,4,4,2,2,6,4,0,5,5,2,2,3,4,4,6,4,0,0,0,5,0,4,0,0,0,4,0,5,6,5,5,0,5,2,6,4,0,0,0,0,0,3,0,0,3,4,0,4,1
parade,6,5,0,5,4,5,3,6,5,6,2,6,4,4,0,5,6,0,0,3,3,3,0,4,6,0,0,3,2,0,0,4,2,4,5,0,2,4,5,3,3,2,0,5,5,2,4,5,5,5,0,4,0,3,3,0,3,0,4,0,0,0,0,3,3,0,5,5
paradox,4,4,0,0,0,6,0,4,0,4,4,6,0,5,6,3,6,0,0,0,0,4,5,4,1,0,4,6,0,4,2,5,5,3,2,0,4,5,5,4,6,5,4,1,5,2,5,0,4,5,0,4,0,6,0,0,0,4,0,0,0,1,0,5,0,6,5,4
parent,4,0,6,1,0,4,0,4,0,0,1,5,0,0,6,4,0,0,0,0,0,4,2,6,0,0,0,2,5,6,4,6,3,0,3,0,5,0,0,6,2,3,4,5,6,6,4,6,4,6,0,5,0,4,4,0,4,4,4,0,0,0,0,5,0,0,4,4
park,5,5,0,5,3,0,0,6,0,0,4,4,0,0,0,3,0,4,0,0,6,6,4,4,3,4,0,5,0,0,2,5,0,0,6,0,6,0,6,0,5,4,2,4,6,4,5,0,0,1,0,5,0,1,5,0,5,0,4,0,0,0,0,0,4,5,3,4
party,4,6,5,0,0,4,0,0,0,4,0,0,4,0,0,3,0,6,0,0,0,0,1,4,0,0,1,0,4,4,5,5,5,4,4,0,5,4,6,4,4,4,2,5,5,4,5,6,0,6,0,4,0,0,2,0,6,0,4,0,1,0,1,0,3,0,6,4
patent,3,0,0,0,0,0,0,0,0,0,5,0,0,0,0,1,5,0,4,0,5,0,4,4,6,5,2,0,6,0,0,0,3,4,4,0,0,3,4,6,3,0,3,4,4,5,4,0,0,4,0,4,0,5,4,0,0,0,0,0,0,0,0,0,3,4,5,2
patient,2,0,0,0,0,4,4,0,4,0,0,6,0,0,0,0,0,0,0,0,3,0,4,2,0,0,2,0,0,5,0,4,0,0,0,0,3,4,1,3,1,4,1,5,4,4,6,0,3,6,0,6,0,6,5,4,0,0,0,3,3,0,0,4,4,5,4,0
pea,6,0,0,6,5,0,6,6,5,0,3,5,0,0,0,6,0,4,4,5,6,0,2,0,0,0,1,0,0,0,6,5,5,5,1,0,4,5,4,2,2,1,4,0,4,4,1,0,3,2,0,2,0,6,4,0,2,0,0,0,0,0,0,0,0,0,0,1
peace,4,6,4,4,2,4,4,6,0,5,4,3,5,0,0,0,0,6,0,0,3,5,3,2,0,4,0,5,0,2,0,5,4,4,0,0,2,0,4,6,2,3,2,0,1,2,4,4,4,5,0,4,6,5,6,0,3,0,4,0,0,0,0,2,0,6,0,0
peaceful,5,6,5,3,4,4,4,5,0,0,5,5,0,4,4,4,0,6,4,5,4,0,2,0,0,5,5,0,4,5,2,5,4,2,3,4,4,2,0,2,4,4,4,0,4,0,0,4,0,3,4,0,0,6,4,3,5,0,5,4,0,1,4,2,1,2,1,0
pen,6,4,4,2,5,0,6,1,4,0,4,6,1,0,0,6,0,0,4,0,5,0,0,0,0,0,0,0,0,0,0,4,0,6,0,0,5,4,2,6,0,4,1,1,3,0,0,4,4,4,0,6,0,6,2,0,0,0,0,0,0,0,0,0,0,0,2,0
pencil,6,6,2,6,5,0,5,2,3,4,4,6,0,0,0,5,0,4,6,4,6,0,0,0,0,0,0,4,0,0,0,5,1,6,0,0,4,5,4,4,3,3,0,2,0,1,0,2,2,0,0,6,0,4,5,0,0,0,0,0,0,0,0,0,0,3,2,2
penguin,5,4,3,5,5,0,6,6,0,2,4,6,4,0,0,3,0,4,0,0,5,0,0,0,1,4,6,5,0,4,0,5,3,0,5,0,4,4,6,0,0,0,2,0,0,0,2,0,5,1,0,4,0,6,4,0,4,0,3,0,0,0,0,2,0,0,3,2
perjury,4,0,4,0,0,0,0,0,0,0,0,2,0,0,0,0,0,0,0,0,6,6,1,4,0,0,0,0,0,4,0,0,0,0,0,0,0,4,5,0,0,3,2,4,1,2,4,4,5,1,0,2,0,6,0,5,0,1,0,0,0,4,0,0,0,0,4,1
piano,5,4,4,4,6,4,6,3,4,6,0,6,3,0,0,6,0,3,6,0,5,5,0,6,6,1,4,5,6,0,0,2,0,6,2,0,4,5,4,0,4,3,0,4,5,2,5,4,4,4,0,5,0,5,5,0,3,0,4,0,0,0,0,0,3,0,4,4
pie,6,4,0,4,0,4,6,5,3,0,0,6,0,0,0,5,6,6,5,2,5,1,0,0,0,0,0,5,0,0,3,4,6,2,0,0,0,6,5,0,1,2,3,4,4,4,4,6,4,2,0,3,0,6,4,0,6,0,4,0,0,0,0,0,5,0,4,0
pig,5,4,0,5,5,3,5,0,4,0,2,2,3,0,0,4,0,0,0,0,6,4,2,0,0,2,4,2,6,0,5,5,4,0,2,0,0,0,4,0,1,3,4,2,0,0,2,0,6,2,0,6,0,6,4,0,0,0,2,0,0,0,0,4,0,0,5,0
pilot,6,0,4,5,4,4,4,6,0,3,4,4,5,0,0,4,4,5,0,0,6,2,3,0,6,4,0,3,0,5,0,0,0,0,0,0,4,5,5,6,4,5,2,4,6,2,4,0,4,4,0,3,0,5,4,2,4,0,0,3,0,0,0,2,2,0,4,2
pineapple,5,5,0,4,4,4,0,4,0,0,0,5,3,0,0,5,0,4,6,4,4,2,0,0,0,0,1,0,0,4,5,5,5,2,0,0,4,6,4,4,0,0,3,1,0,0,4,3,3,2,0,5,0,6,2,0,3,0,4,0,0,0,0,0,0,0,5,4
plane,3,4,0,0,5,5,5,4,5,0,0,0,4,0,0,5,4,4,3,4,4,4,4,0,4,1,0,4,0,0,6,6,6,1,5,0,6,4,5,4,5,5,5,0,6,0,6,4,4,0,2,6,0,5,4,0,0,0,0,0,0,0,6,0,0,0,0,2
planned,5,0,4,4,4,4,4,4,0,4,3,5,0,5,4,0,4,4,0,4,5,4,0,5,4,4,2,4,4,4,2,0,0,0,0,0,3,4,5,2,5,4,4,6,4,6,2,5,5,4,5,4,5,5,6,0,0,2,2,1,0,0,0,0,6,4,4,4
played,0,4,6,0,4,5,5,4,3,4,5,4,0,3,4,2,5,4,0,5,6,4,0,4,4,2,5,4,4,0,2,0,3,4,4,0,6,4,4,0,0,3,6,4,4,6,2,5,5,6,6,4,4,6,6,0,0,0,6,6,4,4,3,5,4,4,3,0
plea,4,0,0,0,0,0,0,0,0,0,4,3,0,0,0,1,0,0,0,0,0,5,4,2,2,0,0,1,0,6,0,4,3,5,3,0,0,5,5,0,2,4,0,4,5,6,4,0,2,6,0,5,0,5,3,0,4,4,0,5,0,0,0,0,4,0,6,0
plot,4,0,0,6,4,0,5,4,3,0,5,4,0,0,0,0,0,0,0,0,0,4,2,0,0,4,0,6,0,0,0,0,4,4,0,0,1,4,6,4,4,5,4,4,2,4,4,0,4,4,0,5,0,5,6,0,0,0,0,0,0,0,0,5,2,0,4,4
plum,4,6,5,6,6,2,0,4,0,0,0,0,6,0,0,5,0,4,6,0,4,2,0,0,0,4,0,0,0,1,5,5,3,3,0,0,4,0,4,4,2,4,2,1,0,6,0,0,0,0,0,0,0,4,4,0,4,0,4,0,0,0,0,0,0,0,4,0
policeman,5,2,0,5,5,2,4,6,4,6,3,5,5,5,4,0,0,0,0,0,5,0,2,1,1,0,0,4,1,2,0,3,2,4,1,0,4,6,4,4,4,3,1,2,5,3,2,4,5,6,2,4,0,4,6,2,3,0,2,0,0,0,0,3,0,2,2,1
politician,4,2,3,6,0,0,0,5,2,0,4,4,4,6,0,0,0,0,0,0,0,4,3,6,0,0,0,4,0,6,2,0,0,4,0,0,0,6,4,1,2,4,4,2,4,4,2,0,6,6,5,5,0,4,4,4,0,4,0,1,4,0,0,3,0,0,3,4
power,3,6,6,4,4,0,0,0,0,0,0,4,0,0,0,2,0,5,4,0,4,0,4,2,0,4,0,4,4,5,0,0,4,4,0,0,5,0,4,4,6,5,6,4,4,4,1,4,5,6,0,5,0,4,6,5,0,4,2,4,4,0,4,3,4,0,4,5
powerful,0,6,5,0,5,0,4,0,4,5,4,0,4,0,0,0,6,6,0,5,2,4,0,2,5,6,4,6,5,0,4,3,4,5,2,0,6,4,0,4,5,6,0,6,0,6,4,4,0,5,4,0,0,5,0,4,1,3,4,0,4,0,4,4,4,4,5,5
prairie,4,6,3,4,4,4,4,3,4,0,6,5,4,0,0,4,0,2,0,4,2,0,0,1,0,0,0,5,4,3,0,4,0,1,2,0,4,5,5,4,2,4,1,4,4,4,6,3,3,0,0,0,0,2,4,0,3,0,2,0,0,0,0,0,2,0,1,1
priest,5,4,6,4,3,3,4,3,2,0,4,5,0,4,0,0,6,0,0,0,5,4,1,4,0,0,0,5,0,5,0,4,2,6,0,0,4,0,5,6,4,4,2,4,6,2,5,6,5,5,0,4,0,4,5,0,0,0,0,0,0,0,0,3,0,0,4,2
prison,4,0,5,4,6,4,5,0,0,0,6,5,4,0,0,1,0,0,0,1,0,5,5,2,0,0,0,4,0,4,0,4,0,2,4,0,3,6,5,0,0,3,5,2,4,6,0,4,6,4,0,1,0,5,2,5,0,5,0,5,0,6,4,0,4,0,2,0
problem,5,0,0,0,0,4,4,4,0,0,4,4,0,0,6,0,0,4,0,0,4,0,4,0,6,0,0,0,4,2,0,3,0,0,4,0,0,4,5,6,0,0,0,2,0,4,4,1,0,4,0,4,0,6,6,0,0,2,6,0,0,0,0,6,6,0,4,0
protest,5,0,0,4,4,0,5,0,5,0,0,5,0,0,4,0,4,0,0,0,0,4,4,5,5,0,4,4,2,5,0,4,4,4,6,0,4,4,5,0,0,4,4,4,4,5,5,4,0,6,6,6,0,3,0,5,0,1,0,0,3,0,0,2,4,0,4,4
pumpkin,6,5,4,5,6,6,3,0,4,0,0,5,5,0,6,5,0,3,4,4,4,4,0,0,0,3,0,1,0,0,5,5,4,3,3,0,6,0,5,1,2,0,0,6,4,5,6,3,5,2,0,2,0,6,4,0,4,0,0,0,0,0,0,2,0,0,2,3
put,3,4,0,0,4,4,4,4,4,0,5,4,0,4,4,2,0,0,0,0,4,4,6,3,3,4,5,5,4,3,1,0,4,6,0,0,4,6,3,6,5,3,4,4,5,0,6,6,3,6,6,6,0,6,0,0,5,4,5,4,4,2,0,4,5,5,6,0
quantity,5,4,4,0,0,4,0,4,0,0,4,6,0,0,0,0,4,0,0,0,0,0,0,2,0,0,0,0,5,3,0,0,4,0,0,0,0,5,4,0,0,4,5,0,5,3,3,6,4,0,0,6,0,4,6,0,0,0,0,0,0,0,0,2,0,0,4,0
radish,6,4,4,5,5,3,2,0,5,0,0,4,4,0,0,4,0,6,4,4,4,0,0,0,2,0,0,0,0,0,3,4,4,0,0,0,0,0,4,2,0,1,0,2,2,0,0,0,2,0,0,0,0,6,1,0,0,0,0,0,0,0,0,0,0,0,3,2
rake,5,3,4,1,5,2,4,4,4,4,5,6,4,0,0,5,6,4,4,5,6,3,3,0,4,0,2,5,0,4,0,3,0,5,3,0,5,6,4,3,3,6,1,4,6,3,6,4,4,2,0,2,0,6,5,2,2,2,2,3,0,0,0,2,0,0,5,0
rally,2,0,0,0,0,0,0,0,0,0,0,0,0,4,0,0,0,0,0,0,0,0,0,0,0,0,0,4,2,0,0,5,6,0,0,0,0,0,5,0,0,0,0,0,6,3,6,0,0,6,0,6,5,4,0,0,0,0,0,0,0,0,0,0,0,0,5,0
ran,5,5,0,6,2,3,2,4,3,6,5,4,4,0,5,0,4,0,4,3,4,4,4,4,3,5,4,6,4,5,6,6,6,5,3,0,4,5,4,5,4,4,4,2,5,4,4,4,5,5,5,5,6,6,4,0,0,1,4,5,4,2,0,2,5,6,4,0
raspberry,5,6,4,5,5,2,4,0,2,0,2,2,4,0,0,3,2,0,1,6,4,0,0,0,0,2,6,2,2,0,6,5,5,0,0,0,4,0,3,2,0,0,0,4,4,0,0,4,3,0,0,5,0,6,2,0,4,0,2,0,0,0,0,0,0,0,1,2
read,4,5,4,3,4,4,2,3,2,5,4,4,4,4,4,0,5,5,3,5,4,4,2,4,4,4,2,4,2,4,5,0,0,0,0,0,4,5,4,4,6,5,6,4,5,2,4,4,4,4,4,6,6,6,3,0,6,0,2,4,3,3,1,5,4,6,3,1
reality,4,4,4,4,0,0,0,2,0,4,4,0,5,0,0,4,5,6,0,0,6,3,0,5,4,4,0,4,0,4,0,4,4,0,0,0,0,4,0,0,4,0,0,5,6,6,4,0,6,6,0,6,0,4,4,0,0,0,4,0,0,3,0,0,0,0,3,4
red,6,6,4,6,4,0,0,0,1,0,0,0,0,6,0,0,4,0,0,0,0,0,5,0,2,4,0,0,2,6,0,0,4,3,4,0,4,1,4,0,5,4,0,0,0,0,3,0,4,5,0,4,0,5,5,4,3,4,4,2,4,0,3,4,4,4,4,6
reporter,1,3,4,4,0,1,4,0,4,0,6,4,4,0,0,1,6,6,4,0,4,0,2,4,4,0,6,4,1,4,3,0,1,4,0,0,3,6,5,0,4,5,4,4,5,3,4,4,0,6,3,5,0,6,4,0,3,0,2,0,0,0,0,1,0,0,5,2
restaurant,6,0,0,5,5,6,4,0,0,0,0,5,6,0,0,0,6,0,0,0,0,0,0,0,0,0,0,2,0,0,4,5,6,2,2,0,5,4,6,3,0,4,0,5,5,0,2,4,4,6,0,1,0,0,5,0,3,0,6,0,0,0,0,5,0,0,1,2
ricochet,4,2,4,4,6,3,2,4,4,6,4,4,5,0,4,0,4,3,2,5,4,4,5,4,6,6,5,6,5,4,4,0,4,4,2,0,2,6,5,0,4,5,3,2,5,0,5,4,4,2,0,4,0,5,4,4,4,4,2,1,0,0,0,4,1,3,5,4
riot,5,0,5,0,0,5,0,4,6,5,0,6,4,0,0,4,6,0,0,0,0,6,3,4,5,4,0,0,2,1,0,0,4,0,0,0,5,3,5,3,4,5,6,1,4,2,4,0,4,6,0,4,0,4,4,4,0,4,1,0,4,0,0,5,4,0,5,5
river,6,5,0,5,5,6,4,6,6,6,4,4,4,0,0,4,0,5,2,0,2,0,2,3,4,5,0,4,4,4,0,4,4,0,3,0,4,5,5,0,3,5,0,2,4,6,2,0,4,2,0,5,0,4,4,2,4,0,2,0,0,0,0,0,0,0,4,2
rocket,5,6,0,5,6,6,5,5,0,6,6,6,0,0,0,4,6,6,5,0,5,5,2,6,5,4,4,6,1,3,3,2,0,0,4,0,0,4,5,0,2,5,0,2,4,4,5,5,4,2,0,5,0,0,5,3,0,0,4,0,0,0,0,3,1,0,4,5
role,4,0,0,0,0,3,0,0,5,0,3,0,4,0,0,0,0,0,4,0,0,3,0,0,5,0,6,4,0,6,4,0,0,5,0,0,5,4,0,0,0,6,6,0,3,3,5,0,6,5,0,6,0,5,5,0,5,0,0,0,0,0,0,4,4,6,5,0
rose,6,6,2,6,4,2,6,4,3,0,0,6,0,0,0,4,4,0,4,0,5,0,4,0,0,0,4,4,0,0,4,6,0,5,1,0,3,4,5,1,2,4,2,4,4,0,6,0,6,2,0,4,0,6,4,0,6,0,5,0,0,0,0,0,4,0,4,2
rum,4,5,6,5,5,4,2,0,4,1,0,2,3,0,0,0,2,1,0,0,0,0,4,0,3,0,4,0,0,0,6,5,4,2,4,0,0,0,5,0,3,3,1,4,6,0,3,0,0,6,0,5,0,6,4,2,3,0,4,2,0,0,0,0,0,0,4,1
rumor,2,1,4,3,4,0,0,4,4,4,0,0,4,0,0,0,3,0,0,0,5,3,0,4,0,4,4,4,2,4,0,1,4,4,4,0,0,4,2,0,4,2,0,6,4,2,4,3,4,6,0,5,0,5,4,4,0,5,0,0,0,0,0,2,5,4,4,4
sailboat,5,4,3,4,4,4,4,6,3,6,4,6,4,0,0,5,0,2,4,2,5,4,1,2,2,0,0,4,0,0,0,5,0,3,2,0,1,4,5,2,2,6,2,2,4,0,2,0,4,4,0,0,0,0,4,0,4,0,6,0,0,0,0,0,4,0,2,3
salmon,5,4,0,5,5,4,3,4,2,6,6,5,5,0,0,5,2,6,6,4,4,4,0,0,0,0,0,0,0,0,6,6,2,0,0,0,4,4,4,0,0,1,0,6,4,4,4,4,6,0,0,4,0,0,4,1,5,0,2,0,0,0,0,6,0,0,4,0
sandpaper,6,3,4,3,6,4,5,4,0,0,6,4,1,0,0,5,0,4,0,6,4,3,5,3,1,0,0,4,0,0,0,5,0,5,0,0,2,0,5,2,3,2,0,0,3,0,0,4,5,0,0,0,0,0,4,4,0,3,0,0,0,0,0,0,0,3,1,0
satire,6,0,4,3,0,0,4,4,0,4,3,0,0,0,0,0,0,0,0,0,4,0,2,4,0,0,0,5,4,4,0,0,5,0,4,0,0,4,4,0,0,4,5,0,0,0,4,0,0,4,0,6,0,5,6,0,4,4,1,4,4,0,4,2,4,1,6,3
saw,5,1,2,2,4,4,3,5,0,2,4,6,0,6,3,2,0,6,1,4,1,4,4,5,5,4,2,6,3,5,3,0,0,6,1,0,3,1,4,5,5,5,3,1,4,4,4,6,5,3,4,5,0,6,4,5,0,3,2,4,4,2,5,0,5,5,4,1
saxophone,6,3,4,4,5,5,2,4,4,4,4,6,4,0,0,3,0,5,1,3,4,4,0,5,6,4,2,6,6,0,0,2,6,6,0,0,2,0,5,0,0,2,0,1,4,4,2,4,4,3,0,5,0,5,5,0,4,0,4,0,0,0,0,0,0,0,3,4
school,5,5,2,4,4,4,0,0,4,0,0,4,4,0,0,0,0,0,0,0,5,6,4,2,0,0,0,5,0,0,0,4,0,0,0,0,5,4,5,3,2,5,5,6,6,5,4,3,5,5,0,3,0,4,6,0,0,0,4,0,0,0,0,0,5,6,6,4
scientist,4,4,0,0,6,0,0,4,4,6,5,4,5,0,0,0,0,0,0,0,4,0,0,5,0,0,1,5,4,5,1,4,0,2,0,0,4,5,4,2,4,4,4,4,4,6,3,0,6,4,0,4,0,6,4,0,2,0,3,0,0,0,0,4,0,4,5,3
scissors,6,0,0,5,4,4,6,4,4,6,4,6,3,0,0,5,3,3,5,0,4,0,3,2,3,0,0,5,0,2,0,4,0,6,0,0,2,4,4,5,3,4,0,4,0,0,0,6,4,2,0,4,0,2,6,4,0,0,0,0,0,0,0,0,0,1,0,2
scooter,6,5,2,3,4,2,6,6,6,6,4,5,4,0,0,4,0,6,4,0,5,2,1,4,4,4,4,5,0,0,0,2,0,1,5,0,4,6,4,0,2,4,0,5,2,2,0,4,6,3,0,2,0,0,5,4,4,0,2,0,0,0,0,3,1,0,3,2
scream,2,3,5,6,4,0,6,0,0,6,2,5,5,0,0,4,0,0,4,5,2,0,5,6,6,0,4,6,2,4,5,0,6,2,0,0,0,4,5,0,4,5,0,2,5,0,6,4,5,3,6,6,0,5,5,6,0,5,0,3,1,3,5,4,4,0,5,5
screech,3,1,0,4,3,1,4,2,0,6,3,6,0,0,2,1,6,0,0,5,6,0,4,6,6,0,6,5,5,6,0,4,4,0,1,0,3,6,4,0,4,5,0,4,6,5,6,6,0,4,0,6,0,4,0,5,0,4,2,0,4,4,0,4,0,0,5,5
semester,1,4,1,0,0,2,4,3,3,0,4,2,0,0,2,0,0,4,0,0,3,0,0,0,0,0,0,0,2,0,0,0,0,0,0,0,0,3,5,4,4,4,4,6,6,6,5,4,4,4,0,2,0,4,4,0,0,0,0,0,0,0,0,0,0,0,2,0
shame,4,1,3,4,2,0,0,0,5,0,6,2,5,4,0,0,0,0,0,0,6,5,4,0,6,3,0,2,0,2,0,2,5,0,3,0,3,3,3,0,0,4,4,3,2,4,3,4,6,4,0,5,0,6,0,6,0,5,0,4,2,2,4,0,0,0,4,0
shelves,6,0,4,4,3,4,6,0,0,0,4,6,2,0,0,6,0,5,4,2,5,4,2,0,4,0,0,3,0,1,0,4,0,5,0,0,4,4,5,4,0,2,1,0,0,1,0,4,3,0,0,2,0,2,5,0,0,0,0,0,0,0,0,0,0,2,1,0
shiny,0,6,1,4,6,0,4,5,5,3,0,5,2,4,4,1,4,5,4,0,4,0,0,4,0,3,4,5,5,2,4,0,4,0,0,5,0,2,4,0,4,3,4,0,1,2,0,0,0,2,0,4,0,2,5,3,5,4,5,0,0,2,4,2,1,0,6,4
shoulder,4,4,0,4,0,3,6,0,0,4,0,5,2,0,0,5,0,0,0,6,6,2,4,0,3,0,0,1,0,0,0,3,0,6,0,0,4,6,4,4,4,3,0,2,4,4,0,0,3,2,0,5,0,0,4,0,2,0,0,0,0,0,0,0,2,0,5,0
shouted,0,2,3,4,4,4,4,4,4,4,1,3,4,4,6,0,4,0,4,4,0,4,4,6,5,2,4,5,4,4,4,4,5,0,0,0,2,5,2,2,4,4,5,2,4,4,5,6,5,6,6,6,0,4,0,1,0,0,3,1,5,2,0,4,4,2,5,4
sick,2,3,4,6,6,4,4,5,4,0,2,4,0,4,0,6,6,5,6,4,4,0,0,0,5,2,6,4,6,0,6,3,0,0,5,0,4,4,2,6,5,4,4,4,4,3,1,4,4,0,1,3,0,6,5,3,0,4,0,3,4,5,4,3,4,4,6,4
sin,4,5,5,4,4,0,0,6,4,5,6,4,2,0,1,0,0,0,0,2,0,4,4,4,6,1,0,5,0,2,0,6,4,4,5,0,0,6,3,4,2,4,6,3,4,4,5,4,4,4,6,1,0,6,4,5,0,0,0,3,3,4,4,1,4,0,4,0
sled,6,4,4,4,4,4,4,6,0,4,3,6,4,0,0,4,0,5,6,4,6,4,1,2,2,4,2,5,0,4,0,4,0,0,0,0,5,6,5,0,1,4,0,3,4,2,6,0,4,2,0,0,0,0,4,0,0,0,0,0,0,0,0,0,0,0,4,0
slept,0,0,5,0,6,4,4,3,0,0,4,4,0,2,3,1,5,4,2,2,5,2,2,4,0,2,2,4,2,4,0,0,0,0,0,0,2,5,6,2,4,5,1,6,5,6,2,2,4,1,2,0,0,1,5,0,6,0,4,4,4,0,2,0,0,6,4,0
small,4,4,4,2,4,0,5,4,4,6,4,3,0,4,5,0,4,2,0,0,0,0,0,5,0,4,6,0,4,4,4,4,5,5,6,5,5,5,5,6,5,0,6,4,5,3,4,3,6,5,0,0,0,4,5,4,4,5,4,2,0,4,4,4,5,4,6,4
snake,4,4,4,4,6,6,3,6,0,4,4,6,5,0,0,5,0,5,6,4,4,6,4,0,0,0,0,5,3,4,0,2,6,4,0,0,5,4,4,0,5,2,0,0,4,4,4,6,4,0,0,3,0,6,4,4,0,2,0,0,0,0,0,0,0,0,4,3
snub,5,4,0,0,4,4,4,0,1,0,4,4,3,0,0,4,6,0,4,0,0,0,4,4,3,0,0,5,0,2,0,4,4,0,2,0,2,0,4,0,4,4,5,3,4,2,5,4,1,5,0,5,0,5,6,0,0,4,0,3,3,5,0,1,2,0,4,4
soccer,4,4,4,4,5,0,2,6,0,6,5,4,5,0,0,0,0,0,6,6,0,0,4,0,0,0,0,5,0,0,0,5,2,0,6,0,0,6,4,4,1,0,4,4,6,3,4,6,6,6,0,4,0,4,4,0,0,0,0,0,0,0,0,3,0,0,0,0
soft,6,5,5,4,0,0,0,5,6,0,3,4,4,5,4,4,4,6,4,6,4,5,0,6,2,6,6,4,4,6,4,4,0,1,5,5,6,6,3,4,5,0,3,3,5,5,0,0,5,0,6,0,0,1,6,4,6,5,4,5,4,0,5,4,0,4,5,4
soldier,6,4,6,6,2,4,6,0,0,0,4,6,3,0,6,1,0,4,5,0,3,4,4,3,4,0,0,4,0,4,0,5,1,4,3,0,0,4,5,0,2,4,1,1,5,6,3,4,4,4,0,4,0,4,5,2,4,0,0,2,0,0,0,0,0,0,2,4
spaghetti,6,4,2,5,6,6,4,6,3,0,0,6,4,0,0,5,6,0,6,0,4,0,0,0,0,0,0,0,0,0,6,4,6,5,0,0,2,4,5,0,2,2,1,2,3,4,4,4,3,3,0,2,0,0,0,0,4,0,4,0,0,0,0,0,0,0,0,0
spatula,6,4,4,4,4,2,5,4,3,4,4,6,2,0,0,6,3,4,5,0,6,2,0,0,0,0,0,4,0,0,0,1,0,6,0,0,1,4,4,4,0,4,0,0,0,0,0,2,4,2,0,0,0,3,4,0,1,0,0,0,0,0,0,0,0,4,2,0
speech,5,5,0,0,0,4,3,0,4,0,0,4,0,0,0,3,0,0,0,0,6,4,0,0,6,5,0,5,2,3,0,0,4,2,4,0,2,0,2,6,4,4,0,4,5,0,4,0,6,5,4,6,6,6,4,0,6,0,3,0,0,0,0,5,3,4,4,0
spiritual,4,5,4,4,5,0,3,2,4,2,5,4,4,0,5,4,4,2,5,0,1,3,5,4,2,4,2,4,5,5,0,2,4,0,5,0,1,5,0,2,3,0,3,6,4,4,0,4,4,5,4,0,6,6,6,4,4,0,4,4,4,4,4,4,3,1,4,5
spoke (to),1,4,3,2,4,4,2,4,4,5,4,2,4,4,4,0,5,2,5,1,3,3,0,5,4,3,4,4,4,6,1,2,6,2,3,0,4,4,5,2,3,4,4,4,5,4,6,4,5,6,6,6,0,6,5,0,0,2,3,2,4,0,1,4,5,5,5,4
spring,5,6,1,6,4,2,0,4,0,5,6,4,5,0,0,0,0,6,0,0,6,0,2,5,4,2,0,4,0,0,0,5,2,3,4,0,3,6,5,4,3,3,4,6,4,4,4,4,3,4,0,4,0,4,4,0,4,0,5,0,0,0,0,1,5,6,3,4
squeal,0,0,4,0,2,3,5,0,0,0,5,4,5,0,5,4,0,0,6,0,0,5,5,6,6,4,4,6,6,2,4,6,4,0,5,0,4,4,4,6,4,4,5,5,4,2,5,4,3,4,0,5,0,6,4,0,4,0,4,4,2,6,0,4,0,6,5,4
stampede,4,4,5,5,4,4,1,6,5,6,6,5,4,0,0,0,0,4,0,4,6,4,4,4,6,4,0,5,2,1,0,4,0,0,5,0,2,6,4,0,2,6,4,2,4,2,6,5,4,5,2,1,0,2,4,4,0,0,0,0,0,0,3,3,4,0,5,4
stapler,4,5,5,4,4,4,4,3,0,0,0,6,4,0,0,5,0,6,6,3,4,2,2,0,5,1,3,5,0,0,0,2,0,6,0,0,3,3,4,2,2,3,0,2,2,0,0,4,4,3,0,1,0,4,4,1,0,0,0,0,0,0,0,0,0,1,2,0
stayed,5,0,4,4,6,0,6,4,4,3,6,4,0,2,5,1,5,0,3,6,5,6,0,4,6,4,4,4,4,0,4,4,6,0,4,0,6,5,5,4,4,5,5,5,5,6,4,5,5,6,6,5,1,5,3,0,4,0,5,4,4,4,5,1,5,6,4,0
stole,4,4,5,3,2,3,5,2,4,6,4,4,6,2,1,5,3,2,5,4,6,4,2,5,2,5,4,4,2,2,4,4,1,2,3,0,5,4,4,4,4,6,2,2,4,5,4,3,6,3,6,2,0,6,4,0,0,0,1,2,2,3,4,0,4,2,3,0
stone,6,4,0,4,6,0,4,4,0,0,0,5,3,5,0,5,0,0,0,1,0,5,4,1,2,4,1,4,3,0,0,3,2,2,2,0,6,4,4,4,0,4,1,0,2,4,5,4,3,1,0,1,0,6,3,0,0,0,0,0,0,0,0,0,0,0,3,2
store,5,0,4,0,0,0,4,0,0,0,0,6,0,0,0,5,3,0,0,0,0,0,0,2,4,0,0,4,6,0,0,2,4,5,4,0,0,6,6,3,2,4,0,4,2,0,5,4,5,2,0,4,0,4,5,0,0,3,2,0,0,0,0,4,0,4,5,0
storm,6,6,6,6,5,6,3,6,4,4,0,6,5,0,0,0,6,4,0,0,4,5,4,6,6,5,0,6,2,2,0,5,2,6,3,0,4,4,5,1,6,4,2,4,5,4,5,5,5,2,0,4,0,4,4,0,4,0,1,4,2,0,3,5,2,0,5,4
street,6,0,0,0,5,0,0,0,0,0,4,5,0,0,0,2,0,0,0,6,0,2,0,4,0,0,6,4,6,0,0,4,3,3,4,0,5,6,4,4,2,4,3,1,4,6,2,0,4,5,0,4,0,6,5,0,3,2,4,2,0,0,0,4,2,6,4,4
student,4,4,0,1,2,4,1,0,0,6,6,1,0,0,0,3,3,4,0,0,4,5,3,0,4,0,0,2,0,6,4,0,0,4,2,0,4,5,5,4,1,2,4,4,4,6,4,3,4,6,0,4,0,6,5,0,5,0,3,3,0,0,0,3,0,0,4,4
submarine,2,2,6,6,5,6,5,6,4,6,5,6,6,0,0,3,4,4,0,0,0,6,3,5,4,6,5,6,0,2,6,4,0,0,0,0,2,5,6,0,1,4,0,4,2,4,0,4,3,4,0,2,0,5,5,3,1,0,0,0,0,0,2,1,0,0,5,2
subway,4,4,4,5,5,4,4,0,4,5,6,6,5,0,0,4,5,4,3,0,0,0,2,4,6,4,0,4,0,1,5,5,1,6,0,0,6,4,5,4,1,2,5,6,4,6,5,6,6,4,0,0,0,2,5,0,4,0,4,0,0,0,0,0,0,0,4,2
sum,0,6,0,0,0,0,0,0,0,0,4,4,6,0,0,0,0,5,4,0,0,0,0,4,6,0,0,4,0,4,0,6,0,4,0,1,4,0,0,0,0,6,5,4,0,4,4,0,3,0,0,6,1,4,6,0,0,4,0,0,0,0,0,0,0,0,4,4
summer,5,6,0,4,4,6,6,4,4,4,4,4,5,0,0,4,4,6,0,0,5,0,4,4,0,4,0,6,0,2,4,5,5,0,5,0,0,4,4,6,1,3,4,6,6,5,5,3,6,4,0,2,0,0,4,1,6,0,4,1,0,0,0,2,4,6,2,5
sun,5,6,0,6,5,6,6,5,5,0,5,3,5,0,0,0,6,6,0,0,0,0,1,0,0,0,0,0,0,0,0,0,3,1,0,0,4,4,5,0,4,2,0,6,6,6,0,4,5,0,0,0,0,1,6,1,6,0,2,0,0,0,0,0,4,0,4,5
survived,2,5,4,4,5,0,2,4,3,5,4,4,0,5,4,0,5,4,4,4,4,5,4,5,0,4,1,5,5,4,4,4,0,0,5,0,4,4,4,4,4,4,6,4,4,3,3,5,5,3,5,6,0,5,4,6,0,4,3,2,4,4,5,4,5,5,4,0
sympathy,4,4,5,4,0,0,6,4,0,0,5,1,0,0,0,0,2,2,0,0,5,5,4,2,0,0,0,4,0,0,0,0,2,4,1,0,2,3,4,4,4,4,2,2,5,4,4,3,5,5,0,5,1,5,5,0,0,0,0,2,0,0,0,0,4,0,5,1
symphony,1,4,0,2,4,4,6,5,4,0,2,2,4,0,4,0,4,5,0,0,5,0,2,4,3,0,0,4,4,0,3,2,4,2,0,0,1,0,5,0,3,3,2,5,4,5,4,4,6,4,0,5,0,5,5,0,4,0,4,0,0,0,0,5,5,0,5,2
table,5,0,0,6,4,4,0,0,0,0,1,4,5,0,0,4,4,0,0,0,4,4,0,0,0,0,0,2,0,0,0,0,0,6,0,0,4,0,5,4,0,0,0,4,0,3,0,4,4,2,0,3,0,5,4,0,2,0,0,0,0,0,0,0,0,3,4,0
tangerine,5,5,1,5,6,4,5,4,2,0,0,5,5,0,0,2,0,4,4,0,4,0,0,0,0,2,1,0,0,0,5,5,2,4,0,0,3,4,3,2,4,0,0,0,3,0,4,0,4,0,0,1,0,5,1,0,4,0,4,0,0,0,0,1,0,0,3,4
tax,4,0,0,1,6,6,0,6,0,3,3,0,0,0,0,0,6,4,0,0,4,5,4,0,0,0,0,1,0,0,0,0,0,0,0,0,0,0,5,4,0,4,6,5,4,6,4,5,4,4,0,1,0,0,4,0,0,4,0,0,5,0,0,2,0,0,1,0
tea,4,5,5,5,4,4,4,1,2,0,5,4,4,0,0,4,4,6,0,0,4,3,1,0,0,0,0,0,6,0,4,5,6,6,0,0,2,2,5,0,2,2,2,4,5,4,3,4,0,5,0,5,0,4,4,0,5,0,4,0,0,0,0,0,0,0,0,4
teacher,0,0,6,0,0,1,6,0,5,4,4,6,3,0,0,4,0,0,0,0,4,4,2,0,3,4,2,5,0,5,5,5,2,4,5,0,2,4,5,1,4,5,3,4,4,4,6,4,3,6,4,6,0,6,6,0,4,0,0,0,0,0,0,3,4,0,4,4
team,4,4,0,0,4,3,0,0,6,0,0,6,0,0,0,2,4,0,0,6,0,4,2,4,0,3,5,5,0,1,0,4,4,5,2,0,4,0,4,1,5,5,6,6,5,4,6,5,6,6,6,5,0,5,5,0,4,0,4,0,0,0,3,0,0,6,4,3
television,6,4,0,3,5,4,6,5,4,6,6,5,4,0,0,3,4,0,0,0,4,3,0,5,3,2,6,6,0,2,0,0,0,2,0,0,2,0,4,5,4,3,4,4,2,4,0,0,5,2,0,4,0,6,5,0,3,0,2,0,0,0,0,0,0,0,3,4
terrorist,4,0,4,0,0,0,0,0,0,4,0,4,0,0,0,3,0,0,0,0,2,0,5,4,5,0,0,0,0,3,0,0,0,6,0,0,4,0,4,0,0,3,5,2,4,4,1,4,3,5,0,4,0,4,0,4,0,0,0,5,6,5,6,2,0,0,5,3
testimony,5,5,6,0,5,0,4,0,0,0,4,4,4,0,0,0,1,0,0,3,3,0,4,4,4,0,0,6,0,5,0,5,3,5,4,0,4,0,6,0,1,5,6,0,4,5,4,0,4,5,0,6,0,5,5,0,0,0,4,2,0,0,0,4,6,0,6,4
theater,6,0,0,4,5,0,0,6,4,1,0,4,4,0,0,2,0,0,0,0,0,6,4,3,4,0,0,4,6,3,2,2,4,5,2,0,2,4,5,4,3,5,0,6,4,4,5,0,4,6,0,6,2,4,6,0,5,0,6,4,0,0,0,6,2,0,4,4
theme,4,6,6,0,6,0,0,4,0,0,0,4,0,0,5,5,4,0,0,0,6,0,0,3,6,4,0,4,4,4,0,5,0,0,4,0,3,4,0,0,4,4,6,4,2,4,4,0,4,4,0,5,0,4,5,0,0,0,4,3,4,0,0,5,3,0,5,4
theory,4,4,0,4,4,0,2,4,0,0,4,4,5,0,0,0,6,6,2,0,5,4,3,2,2,0,0,4,0,6,5,0,5,0,0,6,4,6,1,5,0,1,4,4,2,4,5,4,0,5,2,6,0,5,0,0,0,0,0,0,0,0,0,2,4,5,5,0
threw,0,6,6,6,5,1,4,4,4,5,4,5,5,5,5,2,2,5,4,2,4,6,2,5,5,5,2,4,0,4,0,0,0,6,6,0,5,6,5,4,4,5,6,3,4,4,5,6,5,5,6,6,0,6,4,0,0,0,1,2,3,3,5,3,2,5,4,1
thunder,0,5,4,0,5,5,6,5,2,6,1,2,0,0,0,0,1,0,0,0,0,0,3,6,6,6,0,6,4,1,0,0,5,4,0,0,2,5,4,0,4,5,1,5,3,0,6,6,3,0,0,3,0,0,2,4,4,0,0,0,0,0,4,2,0,0,4,5
ticket,4,4,0,5,4,6,4,0,6,0,0,6,0,0,4,5,4,6,3,5,5,0,5,0,3,4,0,5,0,0,6,1,0,6,6,0,4,3,5,4,4,5,4,5,2,2,4,0,0,4,4,4,0,5,4,0,0,0,0,0,0,0,0,4,2,1,4,3
tiger,2,4,3,6,6,6,6,0,0,4,3,6,0,0,0,5,0,0,3,0,0,2,4,0,6,1,0,4,1,0,0,4,0,0,5,0,2,3,5,0,0,4,0,0,0,0,1,5,0,0,0,6,0,6,4,4,4,0,0,0,0,0,6,4,0,0,4,6
tired,5,4,4,2,5,4,4,5,5,5,0,4,4,4,4,6,5,5,2,3,4,2,4,3,5,4,4,4,4,3,4,5,6,5,4,5,5,6,4,5,0,5,5,6,5,4,3,3,4,5,4,5,0,5,4,2,2,4,0,4,2,4,4,1,0,4,0,5
toaster,6,4,0,2,5,2,5,4,0,5,4,5,4,0,0,3,6,6,6,0,6,2,1,4,4,0,6,5,0,0,0,4,0,4,0,0,2,4,5,6,2,2,2,1,4,1,0,5,4,1,0,0,0,0,4,0,2,0,0,0,0,0,0,0,0,4,1,0
tobacco,6,0,0,5,4,0,0,0,4,0,1,5,0,0,0,4,6,6,0,4,4,4,4,0,0,0,0,2,0,0,0,4,6,5,3,0,2,2,5,0,4,4,4,4,4,0,4,4,2,4,0,2,0,2,0,6,0,0,0,0,0,0,2,0,0,0,0,6
toe,4,3,3,0,3,4,4,4,0,0,4,2,0,0,0,5,0,3,0,3,3,0,4,0,0,0,0,5,0,6,0,0,5,0,6,0,5,0,0,6,6,0,0,0,5,0,0,4,4,0,0,6,5,6,0,0,6,0,4,3,0,0,0,0,4,3,5,0
tomato,6,6,4,5,6,0,4,0,0,0,0,6,5,0,0,4,0,4,6,6,4,4,0,0,0,0,0,0,0,0,5,5,6,3,0,0,0,5,3,4,2,0,0,2,1,0,0,3,4,0,0,3,0,6,2,0,0,0,0,0,0,0,0,0,0,0,1,0
took,5,4,4,0,4,4,5,4,1,5,5,3,4,0,4,0,3,4,0,4,4,2,3,4,0,4,6,0,2,2,0,5,3,6,2,0,5,4,5,4,2,4,6,4,4,4,4,4,3,4,6,6,4,5,5,5,4,0,4,4,6,0,3,4,5,5,0,2
torment,0,2,5,4,2,6,3,2,4,6,0,4,0,0,0,0,5,5,6,0,6,6,6,2,6,4,0,4,0,3,0,3,0,4,5,0,4,5,5,0,5,4,4,0,4,4,3,4,3,4,6,2,0,6,4,5,0,0,0,6,5,4,4,0,5,2,4,2
tornado,5,2,5,1,5,6,6,6,5,6,0,6,6,0,0,0,1,0,0,0,0,5,4,4,6,6,6,4,0,0,0,4,0,2,0,0,4,6,5,0,5,2,1,2,3,2,6,5,6,1,0,2,0,0,0,6,0,2,0,3,0,0,6,6,0,0,5,5
tourist,0,0,5,0,4,0,0,0,4,4,4,4,0,0,5,4,0,0,0,0,0,5,3,1,0,0,0,0,4,4,0,0,4,5,5,0,6,4,4,4,2,5,4,2,6,4,4,4,6,5,0,4,0,5,4,2,4,0,4,2,0,2,0,4,0,0,4,4
train,5,4,0,2,5,4,4,3,4,6,5,6,0,0,2,3,5,1,4,0,4,4,4,6,6,5,4,6,0,0,0,4,0,0,0,0,3,6,6,2,2,4,0,5,5,4,5,0,5,4,0,4,0,0,6,2,4,0,0,0,0,0,0,2,0,0,5,2
treaty,2,0,0,0,4,6,4,6,0,0,4,4,0,0,0,0,0,5,0,0,0,5,6,0,0,6,0,5,0,0,4,4,0,2,0,0,4,0,4,4,4,4,6,2,4,5,1,3,5,4,0,5,0,5,4,0,6,3,4,0,0,0,0,6,6,5,4,0
tree,6,0,0,5,4,5,0,0,0,0,2,6,0,0,0,5,0,4,0,0,4,4,0,0,0,0,0,3,2,0,0,4,0,3,0,3,5,0,4,4,2,3,0,4,5,5,0,5,6,0,0,4,0,6,3,0,3,0,0,0,0,0,0,0,0,0,5,0
trial,2,6,0,0,3,0,5,4,0,0,4,0,4,0,0,4,0,6,0,2,0,4,4,3,6,4,6,5,0,1,0,6,3,5,0,0,3,3,6,4,2,4,4,4,5,4,4,0,3,5,0,5,0,6,5,0,0,4,0,4,0,0,4,0,3,0,5,4
tribute,3,0,5,0,3,0,4,0,6,4,4,0,5,0,0,4,4,6,0,0,0,4,4,0,0,0,2,5,4,3,4,6,3,0,6,0,6,5,0,0,6,4,6,4,4,5,5,0,4,5,3,5,0,5,4,2,3,0,2,4,0,0,1,0,4,3,4,4
trombone,6,2,3,2,5,4,3,4,4,5,4,6,4,0,0,5,4,4,1,0,4,4,4,5,5,6,2,5,6,0,0,2,6,6,0,0,2,6,4,0,0,3,0,0,2,4,5,3,2,4,0,5,0,1,4,0,2,0,6,0,0,0,0,0,0,0,3,2
truce,1,4,4,5,4,2,0,3,4,0,6,1,6,0,0,0,0,0,5,5,6,0,0,2,0,4,0,4,0,0,3,1,1,4,2,0,5,0,4,2,4,5,0,1,5,5,6,4,0,5,0,5,0,4,6,0,4,0,4,1,0,0,0,0,3,0,5,3
truck,6,0,0,6,2,6,0,0,0,4,5,6,4,0,6,1,0,4,0,0,4,0,2,2,4,6,4,4,0,0,0,4,0,2,0,0,4,0,5,4,0,4,0,2,5,0,0,0,4,2,0,2,0,5,4,1,0,0,0,0,0,0,0,0,0,1,2,0
trumpet,6,5,4,4,4,2,4,3,3,4,4,6,4,0,0,4,6,1,5,0,5,3,0,6,5,2,6,6,6,0,0,3,6,6,1,0,3,4,5,4,3,1,1,4,4,2,4,4,6,4,0,5,0,6,4,0,1,0,4,0,0,0,0,3,0,0,5,4
trust,0,4,4,2,4,0,0,4,0,4,3,0,3,5,0,0,0,5,0,0,4,3,4,3,0,0,0,2,0,4,0,0,4,5,2,0,2,4,4,4,4,4,0,2,2,6,2,5,6,6,4,6,0,4,4,0,2,0,4,6,0,0,0,0,4,0,4,2
truth,4,5,0,5,0,0,4,6,6,5,0,2,4,6,0,0,3,4,0,0,4,4,4,4,0,6,4,6,0,5,0,0,4,5,4,0,4,5,4,0,6,5,0,4,2,5,0,0,5,5,0,6,5,5,5,4,3,4,2,0,0,0,0,2,5,0,4,5
tuba,5,2,3,4,4,6,0,0,0,0,5,5,4,0,0,2,2,3,4,0,0,5,0,6,5,6,0,6,6,2,0,2,5,6,1,0,4,6,4,0,4,2,0,0,6,2,0,4,1,5,0,4,0,0,4,0,4,0,4,0,0,0,0,0,0,0,2,2
tulip,5,6,0,6,6,2,4,0,4,0,0,5,0,0,0,3,0,0,6,2,4,0,0,0,0,0,0,0,0,0,1,4,0,1,0,0,4,4,5,0,0,5,0,4,4,2,4,0,4,1,0,4,0,6,4,0,4,0,5,0,0,0,0,0,0,0,4,4
turtle,5,4,6,5,5,5,6,0,0,0,6,6,5,0,0,4,0,4,4,5,5,4,0,0,0,0,0,4,4,2,3,4,4,0,2,0,4,5,4,0,3,4,3,2,2,4,0,3,0,0,0,4,0,6,4,0,5,0,3,0,0,0,0,0,0,0,3,0
umbrella,6,4,3,5,2,3,6,4,4,3,6,5,0,0,0,5,0,4,4,0,4,1,0,0,1,2,2,2,0,0,0,3,0,6,0,0,2,4,4,3,3,4,0,4,0,0,2,3,3,2,0,4,0,4,5,0,4,0,2,0,0,0,0,0,0,0,3,0
used,4,0,4,4,3,6,4,6,6,0,3,4,5,0,0,4,6,0,4,0,4,2,4,5,6,4,6,4,0,0,0,4,4,0,1,4,4,0,0,5,0,5,6,2,5,5,6,4,5,4,0,6,0,5,3,4,0,0,5,5,0,0,3,5,5,6,4,4
used,5,0,0,6,6,4,6,6,6,5,0,0,4,0,0,4,0,0,0,0,4,4,0,5,6,5,6,5,0,0,0,0,0,0,5,0,4,0,0,4,4,6,0,6,4,0,3,1,5,4,0,4,6,6,0,0,0,0,4,0,5,0,0,3,5,4,5,2
vacation,2,5,4,4,4,4,5,6,0,4,5,2,4,0,0,0,0,0,0,0,5,1,0,0,0,0,2,3,2,0,0,4,2,0,4,0,5,0,6,5,2,4,4,4,6,6,5,3,6,4,0,2,0,5,6,0,6,0,5,0,0,0,0,0,5,0,4,4
van,4,0,0,5,4,4,6,0,4,5,4,6,4,0,4,4,3,6,6,0,4,5,3,6,6,6,3,6,0,4,0,0,4,0,6,0,5,0,4,0,4,0,3,5,3,0,6,4,0,6,0,4,0,4,4,3,0,0,0,0,0,0,0,0,0,0,4,4
verb,2,4,0,0,4,0,0,0,0,0,5,4,4,0,0,4,0,5,0,0,4,0,2,5,6,0,0,4,0,4,0,0,4,5,0,0,0,4,5,4,4,0,4,0,5,0,0,5,0,5,3,6,0,5,0,0,0,0,6,6,4,0,0,4,5,6,4,5
vice,0,0,0,0,3,0,1,0,0,0,0,0,0,0,0,5,0,0,5,0,0,5,5,2,0,0,0,5,1,0,3,4,0,4,4,0,0,0,5,0,4,5,4,4,5,0,4,6,5,0,0,4,0,5,0,5,0,6,1,1,4,4,4,0,5,0,4,4
victim,5,0,0,0,0,0,0,6,0,1,3,5,4,0,0,5,0,2,0,0,2,5,6,2,6,2,3,6,0,4,0,0,4,0,0,0,0,0,4,0,2,2,6,4,4,4,4,0,0,6,0,5,6,4,4,2,0,0,0,4,2,0,1,1,4,0,4,2
visited,4,4,5,4,4,4,4,5,1,2,4,4,0,6,4,2,2,2,2,4,0,2,0,4,0,4,0,5,2,4,2,1,2,2,3,0,2,5,4,4,5,3,4,4,5,4,4,5,4,4,5,2,0,6,4,0,6,3,4,3,1,4,4,4,4,4,4,4
volcano,6,4,4,4,5,5,3,0,6,4,3,6,5,0,0,1,6,6,0,6,0,5,4,2,4,3,0,6,0,0,0,5,3,1,0,0,6,2,5,0,2,4,0,2,4,5,4,6,6,0,0,4,0,0,0,4,2,0,0,0,0,0,0,3,0,0,5,4
voter,2,4,0,0,5,0,4,1,2,6,6,5,4,0,0,2,4,0,3,4,5,5,1,3,5,2,0,0,0,4,0,4,4,3,1,0,2,4,6,2,3,3,5,6,4,3,4,4,4,6,6,6,0,4,5,0,4,0,1,0,0,0,0,2,0,3,4,5
walked,4,5,4,4,4,3,5,5,6,2,4,2,0,2,5,2,4,4,4,2,0,3,4,1,1,4,2,2,2,4,0,2,0,0,6,0,4,6,5,4,4,5,4,4,5,4,5,5,4,4,4,2,0,4,5,0,0,0,5,4,2,0,1,1,6,5,2,4
wanted,5,4,5,3,5,4,6,4,3,5,3,4,4,4,4,2,5,1,4,2,3,3,4,3,3,4,2,4,1,5,5,1,3,0,3,0,4,5,4,4,5,4,4,3,3,3,4,4,4,4,6,5,0,4,5,3,3,4,4,2,4,0,2,1,5,4,5,4
watched,5,5,4,4,4,2,5,5,2,5,4,3,4,4,4,0,5,4,2,0,2,5,5,4,0,0,2,5,4,2,0,0,0,0,0,0,2,5,5,4,6,5,4,4,4,5,5,4,4,5,2,4,0,6,4,0,3,4,3,4,2,4,5,3,4,5,4,4
water,6,6,4,4,4,5,2,0,0,6,4,2,4,0,0,6,6,6,6,0,3,5,2,1,4,0,0,4,4,0,3,2,4,5,4,0,0,4,5,6,4,4,4,2,3,4,5,4,4,2,0,1,0,0,4,2,0,0,4,0,0,0,0,0,0,6,0,3
wealthy,4,6,4,3,5,0,6,2,5,4,5,5,0,4,0,2,4,0,0,0,6,6,4,0,4,2,4,3,4,4,0,0,3,0,4,0,6,4,4,5,5,4,4,5,4,0,0,0,4,5,4,5,0,5,4,4,4,4,4,3,4,4,3,4,4,2,4,5
went,5,4,5,5,5,2,4,4,6,6,4,0,0,4,5,4,0,4,4,4,3,4,3,4,2,4,4,6,3,2,0,0,4,4,0,0,4,5,5,0,4,5,2,4,4,4,5,6,0,4,5,6,4,5,3,0,4,0,4,6,2,4,4,5,4,5,2,0
whale,3,2,3,5,6,6,6,6,0,6,5,6,4,0,0,0,0,0,4,5,0,6,2,0,6,6,4,5,6,0,4,4,2,0,0,0,5,5,5,0,5,4,1,6,0,3,0,2,4,1,0,4,0,6,5,2,2,0,4,0,0,0,0,0,0,0,4,1
whine,0,4,6,6,6,0,6,4,4,4,4,5,3,0,0,1,6,0,0,6,4,0,5,4,6,6,6,6,6,2,5,4,4,6,4,0,1,0,4,4,5,5,4,2,4,5,6,0,0,4,0,4,0,4,0,0,0,3,0,0,6,0,0,2,0,0,6,2
white,5,6,5,6,4,2,4,2,4,0,3,4,2,4,4,6,5,5,5,4,4,0,4,4,1,0,2,4,5,4,6,0,6,2,4,0,4,4,4,6,4,5,0,0,1,4,4,0,0,5,4,4,0,4,6,4,4,5,4,2,0,3,1,4,0,2,2,4
whole,0,0,0,0,0,3,0,0,0,0,0,6,0,0,0,5,0,0,0,0,5,0,0,0,0,0,0,0,0,6,0,0,0,2,0,0,0,4,0,0,0,4,0,6,4,0,0,4,5,0,0,5,0,6,4,0,0,6,0,0,5,0,0,0,0,0,4,0
window,6,0,0,0,2,5,4,0,3,3,4,6,0,4,0,5,0,4,0,6,4,4,2,0,0,4,0,6,0,0,0,3,0,0,0,0,4,4,5,0,4,6,5,3,6,4,4,3,5,6,0,4,4,6,4,0,0,0,0,0,0,0,0,3,3,0,5,2
winter,4,1,5,4,5,3,4,5,5,5,3,5,4,0,0,4,0,6,0,0,0,5,4,2,1,2,0,5,5,5,0,5,3,0,4,0,2,5,4,3,4,4,3,6,4,4,3,5,6,3,0,1,0,2,2,5,4,2,3,3,2,0,0,0,0,5,4,4
wit,4,4,5,3,0,1,6,4,5,0,5,0,4,0,0,0,0,4,0,0,5,4,0,4,0,0,4,5,6,1,4,0,4,4,0,0,0,5,5,0,2,4,1,1,4,4,5,5,3,4,4,5,0,6,5,0,3,0,4,1,0,0,0,4,4,4,5,4
witness,4,0,0,0,0,4,0,0,0,0,6,4,0,0,0,0,5,3,0,0,0,5,4,4,3,0,5,4,4,5,4,0,0,5,4,0,4,6,5,4,6,4,2,6,5,4,5,4,0,4,0,5,0,4,4,0,4,2,4,0,0,0,0,3,6,0,4,4
woe,4,0,5,4,0,0,3,0,0,5,3,4,6,0,0,0,6,4,0,0,4,5,5,4,3,4,0,3,0,4,4,5,5,2,2,0,4,4,5,1,2,5,4,2,4,4,4,4,0,5,0,6,0,6,0,5,0,2,0,4,4,0,4,0,4,0,5,0
woman,4,0,0,4,2,0,0,0,0,3,0,0,4,0,0,5,0,0,0,0,0,0,4,4,1,6,0,4,5,6,1,4,4,2,6,0,0,1,6,0,4,2,0,4,6,4,2,2,6,4,0,5,0,2,5,0,0,0,5,0,0,0,0,2,6,1,0,2
wonder,4,5,5,0,0,0,0,0,0,3,0,4,2,0,0,2,0,0,3,6,5,6,2,1,0,4,0,6,0,5,4,6,2,4,0,0,2,5,4,1,4,4,0,1,4,4,4,2,0,2,0,2,0,4,5,0,4,0,4,0,0,0,2,5,5,0,5,5
worked,4,3,4,0,4,3,0,5,3,1,6,4,0,5,4,3,0,0,4,4,0,4,0,4,0,2,4,0,0,4,1,6,0,4,5,0,3,6,0,4,0,5,5,4,4,4,3,4,0,4,5,6,6,6,5,4,0,0,4,0,3,0,1,5,4,6,4,2
worker,4,0,3,0,4,0,0,5,0,0,5,5,0,4,0,4,0,5,0,0,4,0,4,4,0,0,0,0,3,4,4,6,3,4,0,0,4,0,6,0,6,4,6,4,4,4,6,0,3,3,0,2,0,4,6,0,4,2,3,1,0,0,0,0,2,3,4,5
worth,5,0,4,5,0,0,0,0,0,3,5,5,5,0,0,0,5,0,0,4,3,0,0,5,0,3,0,6,6,6,5,0,0,0,0,0,0,4,2,6,6,4,4,1,0,6,0,4,4,0,0,3,0,5,4,0,0,6,4,0,0,0,2,4,0,0,1,0
wrote,2,0,4,0,0,5,0,4,0,4,4,4,4,4,5,0,5,4,0,3,5,4,0,4,4,6,4,4,4,4,6,0,6,5,4,6,5,5,0,4,0,4,4,4,4,6,4,4,0,5,4,6,0,6,6,0,4,0,2,4,4,0,4,5,4,6,0,4
xylophone,5,4,3,0,5,1,4,5,4,5,4,6,2,5,0,4,4,5,4,0,5,2,0,6,6,4,5,6,6,0,0,0,2,6,0,0,2,4,4,0,4,3,0,4,3,1,2,4,4,4,0,4,0,2,3,0,4,0,5,0,0,0,0,0,0,0,5,2
year,3,0,0,0,0,2,0,5,2,6,5,4,0,0,0,0,0,6,0,0,0,0,4,0,0,0,0,6,0,0,6,5,0,3,0,0,0,4,6,5,4,5,5,6,6,6,0,0,4,4,0,6,0,5,5,0,0,0,5,0,0,0,0,0,2,0,6,6
yellow,0,6,0,6,2,0,0,0,2,0,0,0,6,0,0,0,3,0,0,0,0,0,0,0,2,2,0,0,4,3,0,0,2,0,0,0,0,0,3,0,0,4,4,0,0,4,0,0,2,4,0,4,0,4,6,2,4,1,6,0,4,1,0,0,5,1,4,5
young,5,6,5,0,4,2,6,6,6,4,5,6,4,4,4,5,4,0,0,0,6,3,4,0,3,2,4,5,5,5,0,6,6,6,4,0,4,6,4,6,4,4,6,6,6,4,5,2,0,4,0,5,0,6,4,0,4,5,4,4,5,0,4,3,4,5,3,6
zone,4,5,0,4,6,0,5,0,0,6,0,6,4,0,0,3,4,0,4,0,4,0,5,3,3,0,1,4,3,6,0,4,4,4,4,0,4,4,4,4,4,4,3,4,4,4,6,0,4,3,0,4,0,6,4,0,4,0,0,4,0,0,0,0,4,6,4,4
zoo,4,6,0,6,4,4,4,5,0,3,3,6,6,0,0,2,0,0,0,0,6,2,1,4,6,0,0,4,3,0,0,4,2,0,0,0,5,4,6,0,0,2,0,3,5,0,1,0,6,4,5,4,0,0,5,0,4,3,2,0,0,0,0,2,0,0,4,1
